name,date,slice_s_idx,slice_e_idx,ellipse_d_max,Euclidean_d_max,Feret_d_max,area,perimeter,circularity,probe,first_diode_trunc,last_diode_trunc,image_trunc,aspect_ratio
94298_1_19ch0,220719,94298,94331,349.10353231148406,392.0459156782532,402.2437072223753,71200.0,1446.040764008565,2.3370672749515307,ch0,25,0,0,1.2176355174093048
94298_2_19ch0,220719,94298,94311,146.83957778888202,130.0,140.356688476182,4400.0,313.1370849898476,1.773399036876014,ch0,0,0,0,3.0890493436902933
226470_1_19ch0,220719,226470,226482,152.27258237874852,126.49110640673518,143.17821063276352,4200.0,315.2081528017131,1.882503227249908,ch0,0,0,0,3.3953852043193247
226470_3_19ch0,220719,226470,226482,166.37654802568406,172.04650534085255,180.27756377319943,11800.0,610.416305603426,2.512814218776822,ch0,0,0,0,1.5866842481405827
230869_1_19ch0,220719,230869,230878,144.226251695454,144.22205101855957,158.11388300841895,7800.0,487.27922061357856,2.422430450291248,ch0,0,0,0,1.4741774295825532
230869_4_19ch0,220719,230869,230878,119.69913394282727,108.16653826391968,116.619037896906,5800.0,389.70562748477136,2.0837014637903546,ch0,0,0,0,1.335041474722632
235921_1_19ch0,220719,235921,235937,351.43522731736937,317.8049716414141,327.56678708318395,28000.0,1170.477272147525,3.8936604423295305,ch0,0,4,0,2.39493475845333
235921_3_19ch0,220719,235921,235926,101.87979356177608,100.0,110.4536101718726,2800.0,216.5685424949238,1.3329776022766653,ch0,0,1,0,1.9688431070873735
249985_1_19ch0,220719,249985,249995,137.6088385861642,114.0175425099138,130.384048104053,4100.0,281.4213562373095,1.5371646292120489,ch0,0,0,0,3.407774722095797
249985_2_19ch0,220719,249985,250001,253.0595486227815,245.15301344262525,257.0992026436488,29200.0,1058.0508652763322,3.0508466459690537,ch0,0,0,0,1.4695636263593947
364115_1_19ch0,220719,364115,364179,824.9879205062451,869.2525524840291,882.3831367382311,264300.0,5793.635277547903,10.106371924458989,ch0,0,0,0,1.5119356154396817
364115_13_19ch0,220719,364115,364124,202.94417566554344,155.24174696260025,170.8800749063506,7700.0,627.6345596729059,4.071112553121838,ch0,0,0,0,1.7896655881284695
806361_1_19ch0,220719,806361,806379,314.2200834609581,291.547594742265,303.6445290137795,34600.0,1026.6904755831213,2.4243376354328,ch0,0,0,0,1.9543119279238632
806361_2_19ch0,220719,806361,806371,125.11257020858578,104.40306508910552,120.83045973594572,3900.0,258.9949493661166,1.3686995328119085,ch0,0,0,0,2.8770315163162685
830185_1_19ch0,220719,830185,830220,546.6054483135545,530.0943312279428,540.8326913195983,82800.0,2218.233764908628,4.729055625784276,ch0,0,0,0,2.075702777148825
830185_2_19ch0,220719,830185,830198,141.62088522603486,130.384048104053,141.4213562373095,5900.0,322.78174593052023,1.4052579699072447,ch0,0,0,0,2.453529704477104
1188953_1_19ch0,220719,1188953,1188964,130.00055234803148,120.83045973594572,130.0,2900.0,226.5685424949238,1.4086119221006896,ch0,0,0,0,2.994171100372527
1188953_2_19ch0,220719,1188953,1188967,203.3647757797603,215.40659228538016,232.59406699226017,19400.0,673.492424049175,1.8606035089938195,ch0,0,0,0,1.3788370386269675
1403973_1_19ch0,220719,1403973,1403986,175.82007979619857,170.29386365926402,184.39088914585773,14900.0,715.5634918610405,2.7346403461101043,ch0,13,0,0,1.1965008247279243
1403973_2_19ch0,220719,1403973,1403984,108.53789418561206,110.0,120.0,3300.0,230.7106781186548,1.2835464429152157,ch0,0,0,0,2.349983481195803
14000_1_20ch0,220720,14000,14014,214.93183916643235,172.04650534085255,186.01075237738277,8500.0,523.8477631085024,2.569102299117718,ch0,0,0,0,2.5171336639592927
14000_5_20ch0,220720,14000,14025,262.8036672554816,288.44410203711914,296.81644159311656,44900.0,1001.4823227814082,1.7775849754547683,ch0,0,18,0,1.0992925385738792
367051_1_20ch0,220720,367051,367083,624.0794655940975,636.9458375717671,646.2197768561405,112100.0,2111.665222413705,3.1654441713998445,ch0,0,0,0,2.431450174514479
367051_3_20ch0,220720,367051,367058,163.6112670801484,152.97058540778357,162.78820596099706,4400.0,372.42640687119285,2.508524768778465,ch0,0,0,0,2.3357408468292884
568208_1_20ch0,220720,568208,568224,417.40300023315774,441.8144406874905,451.7742799230607,45500.0,1273.259018078045,2.8353864590609943,ch0,0,0,0,2.660461739015441
568208_3_20ch0,220720,568208,568222,157.3702355117519,143.17821063276352,152.97058540778357,8500.0,429.7056274847714,1.72867476741821,ch0,0,14,0,2.0129666410048164
728277_1_20ch0,220720,728277,728318,538.2913274137524,579.7413216254298,592.0304046246274,92000.0,2500.0104602052656,5.406123469068635,ch0,0,0,0,1.2790118475086905
728277_2_20ch0,220720,728277,728290,201.06660657529483,201.24611797498108,210.2379604162864,17100.0,623.1980515339465,1.8073663791613648,ch0,0,4,0,1.748941166455256
1003345_1_20ch0,220720,1003345,1003359,231.6755765574146,215.870331449229,228.0350850198276,22200.0,785.9797974644666,2.2144196572807315,ch0,0,0,0,1.602393437608521
1003345_2_20ch0,220720,1003345,1003355,113.93599037102194,104.40306508910552,114.0175425099138,3800.0,242.42640687119288,1.2307402065411246,ch0,0,0,0,2.6249716963117296
1016899_1_20ch0,220720,1016899,1016909,101.50007694612076,100.4987562112089,110.4536101718726,3800.0,226.5685424949238,1.074993308971579,ch0,0,0,0,1.9257283770047564
1016899_2_20ch0,220720,1016899,1016910,177.1608723284571,180.27756377319943,188.67962264113208,14700.0,637.9898987322333,2.20343582617116,ch0,0,0,0,1.4006419123365426
1084989_1_20ch0,220720,1084989,1085000,140.77170588338296,117.04699910719626,134.1640786499874,3500.0,266.9238815542512,1.6199326356370505,ch0,0,0,0,3.016085731878204
1084989_2_20ch0,220720,1084989,1085007,310.54513884653574,311.44823004794875,321.40317359976393,40100.0,943.553390593274,1.7667647368249664,ch0,0,0,0,1.7504313643948546
1154864_1_20ch0,220720,1154864,1154875,136.27553317822498,114.0175425099138,130.384048104053,4500.0,333.492424049175,1.966751849241367,ch0,0,0,0,1.9555652466912663
1154864_2_20ch0,220720,1154864,1154882,221.90202329981403,226.71568097509268,236.00847442411893,28200.0,809.4112549695428,1.8487556135540213,ch0,0,0,0,1.150208693392966
1271379_1_20ch0,220720,1271379,1271390,117.29688845319774,110.4536101718726,120.41594578792296,3700.0,287.2792206135785,1.7749937969692413,ch0,0,0,0,2.0295972794205666
1271379_2_20ch0,220720,1271379,1271394,314.93434828562306,300.8321791298265,313.8470965295043,29000.0,1149.116882454314,3.6234356131234167,ch0,0,0,0,2.1552209765057544
1336131_1_20ch0,220720,1336131,1336144,343.0073277322234,335.26109228480425,347.85054261852173,30300.0,998.050865276332,2.616091070784774,ch0,0,0,0,2.7701093839998605
1336131_3_20ch0,220720,1336131,1336140,127.98640100617897,108.16653826391968,122.06555615733704,3700.0,273.1370849898476,1.6045370592073325,ch0,0,0,0,2.7171247184420677
1515314_2_20ch0,220720,1515314,1515331,268.4850336363587,243.3105012119288,254.95097567963924,23200.0,1298.8225099390856,5.786310899686366,ch0,0,0,0,1.4246043859819633
1515314_3_20ch0,220720,1515314,1515325,129.84989261654064,120.83045973594572,130.0,3100.0,254.85281374238568,1.6672752674223643,ch0,0,0,0,2.6133192874268456
1556579_1_20ch0,220720,1556579,1556612,496.1410494145056,493.9635614091387,502.4937810560445,77800.0,2370.3657992645926,5.747001144454031,ch0,0,0,0,1.661986759489523
1556579_2_20ch0,220720,1556579,1556612,115.22458073886008,128.06248474865697,136.01470508735443,8100.0,425.20815280171314,1.7762671454930832,ch0,0,0,0,1.046151314832442
1556579_5_20ch0,220720,1556579,1556588,110.11903690528708,106.3014581273465,122.06555615733704,5500.0,318.6396103067893,1.469017505274915,ch0,0,7,0,1.5170295480510396
1589447_1_20ch0,220720,1589447,1589455,117.33525221907014,100.0,114.0175425099138,4400.0,273.1370849898476,1.349269799787984,ch0,0,0,0,2.295939442521662
1589447_2_20ch0,220720,1589447,1589467,297.5501823699861,297.3213749463701,304.7950130825634,33800.0,1074.9747468305832,2.720632988218553,ch0,0,0,0,1.7613199188155744
1595927_1_20ch0,220720,1595927,1595938,134.947092941059,120.83045973594572,134.1640786499874,4700.0,296.9238815542512,1.4927343839319294,ch0,0,0,0,2.560188011484621
1595927_2_20ch0,220720,1595927,1595952,413.34112959495263,386.39358172723314,398.1205847478876,47700.0,1530.538238691624,3.9080501282709874,ch0,0,0,0,2.348105122086711
1595927_3_20ch0,220720,1595927,1595952,195.9205204269704,162.78820596099706,176.91806012954132,5100.0,344.8528137423857,1.855613432284235,ch0,0,0,0,3.234435092450093
1605433_1_20ch0,220720,1605433,1605450,273.82414174474286,272.02941017470886,280.178514522438,29500.0,791.1269837220809,1.68834235377565,ch0,12,0,0,1.813266924577974
1605433_2_20ch0,220720,1605433,1605442,131.58443686999348,108.16653826391968,122.06555615733704,3200.0,248.63961030678925,1.537378455132226,ch0,0,0,0,2.666289189892433
1627673_1_20ch0,220720,1627673,1627769,995.1100572170146,1002.2474744293448,1012.3734488813898,221300.0,4924.75180106472,8.721223521863179,ch0,0,69,0,2.4853232057486614
1627673_4_20ch0,220720,1627673,1627686,160.78160504038289,158.11388300841895,172.04650534085255,12700.0,548.3452377915607,1.8840592970779453,ch0,0,2,0,1.3164065824471916
1637019_2_20ch0,220720,1637019,1637031,150.68881245484158,144.22205101855957,158.11388300841895,8600.0,531.776695296637,2.616678019739165,ch0,0,0,0,1.231107433585817
1637019_4_20ch0,220720,1637019,1637045,251.0151621835409,275.86228448267445,286.0069929215018,39100.0,1251.8986283848344,3.1897137152499413,ch0,0,0,0,1.093488533369842
1642254_1_20ch0,220720,1642254,1642273,228.22181470140796,194.164878389476,206.15528128088303,7900.0,562.842712474619,3.1910759391237464,ch0,0,0,0,2.0348326928333527
1642254_2_20ch0,220720,1642254,1642274,290.18373502762125,299.666481275434,308.7069808086626,43400.0,1310.182899632296,3.147489282732593,ch0,0,0,0,1.3342428402395614
1642254_3_20ch0,220720,1642254,1642272,117.13655191096544,111.80339887498948,121.65525060596438,2800.0,202.78174593052023,1.1686644157690864,ch0,0,0,0,2.623642068301483
1658626_1_20ch0,220720,1658626,1658639,146.26105761001182,131.52946437965906,143.17821063276352,5600.0,312.78174593052023,1.3902244045643914,ch0,0,0,0,2.46239418922759
1658626_3_20ch0,220720,1658626,1658656,358.00335851826924,352.2782990761707,362.3534186398688,51800.0,1728.5281374238568,4.590006316814713,ch0,0,0,0,1.4783856459812663
1861831_1_20ch0,220720,1861831,1861866,411.3131847898244,451.7742799230607,462.709412050371,87400.0,1692.670273047588,2.6086957916485503,ch0,0,0,0,1.3530677680470156
1861831_2_20ch0,220720,1861831,1861839,144.93633914809377,136.01470508735443,144.22205101855957,4400.0,315.2081528017131,1.7969348987385485,ch0,0,0,0,3.388995982802831
1861831_3_20ch0,220720,1861831,1861866,128.87715278380523,134.53624047073708,142.12670403551894,8900.0,375.56349186104046,1.2611503535939652,ch0,0,0,0,1.351708007130173
1874727_2_20ch0,220720,1874727,1874780,714.8419031383289,771.621668954417,781.0889834071404,205700.0,3947.827919510468,6.029374675339836,ch0,0,0,0,1.5823925168696036
1874727_4_20ch0,220720,1874727,1874738,128.792944131803,117.04699910719626,126.49110640673518,4400.0,329.70562748477136,1.9660301749212865,ch0,0,0,0,2.1445863545710764
1957093_1_20ch0,220720,1957093,1957120,350.3230542402451,380.78865529319546,391.1521443121589,48300.0,1443.9696961967,3.4352564465917026,ch0,0,8,0,1.4888611951639332
1957093_2_20ch0,220720,1957093,1957104,125.770416994923,120.83045973594572,134.1640786499874,6400.0,308.6396103067893,1.1844411462054094,ch0,0,9,0,1.852150501632425
2161939_1_20ch0,220720,2161939,2161948,143.0347407524908,143.17821063276352,155.24174696260025,9000.0,445.56349186104046,1.7553625321976725,ch0,0,0,0,1.581171584583523
2161939_2_20ch0,220720,2161939,2161961,284.32519811704606,302.65491900843114,314.00636936215164,41600.0,1072.903679018718,2.2020048660679508,ch0,0,0,0,1.391630209548541
2173288_1_20ch0,220720,2173288,2173301,255.78397309599976,257.0992026436488,269.2582403567252,20700.0,805.269119345812,2.4928829110958333,ch0,0,0,0,2.205530936701277
2173288_5_20ch0,220720,2173288,2173294,147.5345766071076,110.4536101718726,123.6931687685298,3400.0,306.5685424949238,2.1997149032239784,ch0,0,0,0,2.175527762820519
2193286_1_20ch0,220720,2193286,2193297,149.01776377521702,136.01470508735443,148.66068747318505,10700.0,601.7766952966368,2.693252603528899,ch0,0,0,0,1.17815015438808
2193286_5_20ch0,220720,2193286,2193317,357.82235814433,368.78177829171545,380.78865529319546,75100.0,1505.3910524340097,2.4013134852059546,ch0,0,0,0,1.2720838395158154
2343989_1_20ch0,220720,2343989,2344024,425.0881272904235,427.2001872658765,435.6604182158393,83900.0,1584.6803743153546,2.381834238642109,ch0,5,0,0,1.613305298181442
2343989_3_20ch0,220720,2343989,2344000,178.51637841650216,177.2004514666935,186.81541692269408,14200.0,494.5584412271571,1.3706830092761084,ch0,0,0,0,1.6972892868319231
2378502_1_20ch0,220720,2378502,2378516,161.26866804629867,141.4213562373095,151.32745950421557,4200.0,315.208152801713,1.8825032272499072,ch0,0,0,0,3.197998232244827
2378502_2_20ch0,220720,2378502,2378517,269.6968226776429,268.3281572999748,277.308492477241,22500.0,821.8376618407356,2.3887994858915857,ch0,0,0,0,1.7477802103416673
506362_1_23ch0,220723,506362,506368,133.64949515242233,108.16653826391968,116.619037896906,3200.0,252.78174593052023,1.5890280952189584,ch0,0,0,0,3.208903854442645
506362_2_23ch0,220723,506362,506376,229.55962865730825,225.6102834535696,235.3720459187964,19800.0,821.4823227814084,2.7121979949414787,ch0,0,0,0,1.5539959720915302
623640_2_23ch0,220723,623640,623648,108.9579994219874,114.0175425099138,123.6931687685298,5000.0,308.6396103067893,1.5160846671429242,ch0,0,0,0,1.247669305938765
623640_3_23ch0,220723,623640,623651,283.75790405466086,245.15301344262525,257.0992026436488,16300.0,839.4112549695427,3.4399498216744333,ch0,0,0,0,2.5574947743379397
623640_5_23ch0,220723,623640,623649,105.02568916402046,108.16653826391968,116.619037896906,5500.0,279.350288425444,1.1290825480770794,ch0,0,0,0,1.475753793908768
623640_6_23ch0,220723,623640,623653,198.6911249589064,188.67962264113208,202.48456731316588,11700.0,624.5584412271571,2.6530805704985863,ch0,0,0,0,1.918971090987128
1234910_1_23ch0,220723,1234910,1234928,235.08724961142343,254.55844122715712,261.72504656604804,21600.0,940.7716446627536,3.2606547981432503,ch0,17,0,0,1.3598956465109515
1234910_4_23ch0,220723,1234910,1234922,142.55416905678229,121.65525060596438,131.52946437965906,3700.0,303.1370849898476,1.976362259457796,ch0,0,0,0,2.790936427910694
1549760_1_23ch0,220723,1549760,1549778,213.12641680293584,189.7366596101028,210.2379604162864,18500.0,632.1320343559642,1.718834279986337,ch0,15,0,0,1.6773270915897165
1549760_2_23ch0,220723,1549760,1549772,119.31096047995578,120.0,130.0,4500.0,278.99494936611666,1.3764812655853056,ch0,0,0,0,2.243416242494596
1768624_1_23ch0,220723,1768624,1768654,347.345764839704,352.2782990761707,360.5551275463989,51600.0,1240.8326112068523,2.3744707947696035,ch0,0,0,0,1.7001353561648456
1768624_2_23ch0,220723,1768624,1768637,158.03547688186396,131.52946437965906,145.60219778561037,5500.0,338.99494936611666,1.6627000200103126,ch0,0,0,0,3.0598664773745443
1877822_1_23ch0,220723,1877822,1877832,117.77748725952122,111.80339887498948,120.83045973594572,3400.0,258.99494936611666,1.5699788758724835,ch0,0,0,0,2.624685933965169
1877822_2_23ch0,220723,1877822,1877838,239.70347439695104,237.69728648009425,250.0,27800.0,893.908729652601,2.287345120644223,ch0,0,0,0,1.3913242718313492
1911595_2_23ch0,220723,1911595,1911648,1334.3949436234825,1237.9418403139946,1249.5199078045937,290200.0,4262.325394193526,4.981795900538162,ch0,0,14,0,3.106345282116572
1911595_5_23ch0,220723,1911595,1911605,100.2066829624892,100.0,110.0,2900.0,204.8528137423857,1.151531984301814,ch0,0,11,0,2.227223903380501
1929542_1_23ch0,220723,1929542,1929550,121.83628153194772,106.3014581273465,114.0175425099138,3300.0,241.06601717798213,1.4013550451786312,ch0,0,0,0,2.997111457015218
1929542_2_23ch0,220723,1929542,1929558,227.08449662696984,215.870331449229,230.8679276123039,25200.0,904.2640687119284,2.5821421311155843,ch0,0,0,0,1.2626108450194904
1931800_1_23ch0,220723,1931800,1931812,158.09601265060766,144.22205101855957,158.11388300841895,5700.0,336.92388155425124,1.5848160873349555,ch0,0,0,0,2.8551995578992715
1931800_2_23ch0,220723,1931800,1931820,295.9514602230348,269.07248094147417,278.0287754891569,29800.0,1124.6194077712555,3.3774196032165023,ch0,0,0,0,1.6738939163341746
568288_2_25ch0,220725,568288,568295,121.03465215671612,116.619037896906,125.29964086141668,5200.0,335.208152801713,1.7195544722102212,ch0,0,0,0,1.9022880188277664
568288_9_25ch0,220725,568288,568295,514.5136122625447,450.4442251822084,460.9772228646444,25900.0,1270.1219330881977,4.956569535977099,ch0,0,0,0,6.079982369055979
568288_14_25ch0,220725,568288,568295,174.44365161297037,152.97058540778357,174.6424919657298,10600.0,418.9949493661166,1.3179588375410491,ch0,0,0,0,2.160869911696917
632374_1_25ch0,220725,632374,632387,234.0638823391308,213.7755832643195,232.59406699226017,22600.0,899.0559159102155,2.846132424538781,ch0,0,0,0,1.5861691554048922
632374_2_25ch0,220725,632374,632385,126.13712929142748,114.0175425099138,126.49110640673518,4500.0,275.208152801713,1.339368907571734,ch0,0,0,0,2.484134356255096
711126_1_25ch0,220725,711126,711142,352.61612197400154,338.3784863137726,351.1409973215888,42700.0,1199.4722215136417,2.6812829725181726,ch0,0,0,0,2.018733654891669
711126_2_25ch0,220725,711126,711140,153.86115449633883,143.17821063276352,152.97058540778357,5000.0,321.06601717798213,1.640623065322335,ch0,0,0,0,3.0126345914982
756738_1_25ch0,220725,756738,756748,123.58820741034287,128.06248474865697,142.12670403551894,6900.0,347.2792206135785,1.3909087575138974,ch0,7,0,0,1.588396810221969
756738_4_25ch0,220725,756738,756759,230.3461524216508,250.0,260.768096208106,30000.0,810.1219330881975,1.7408833109978696,ch0,0,0,0,1.3217344048576072
779809_1_25ch0,220725,779809,779831,340.1999756585223,344.81879299133334,354.400902933387,51200.0,1145.3300858899106,2.0388323369374413,ch0,7,0,0,1.6676248689055395
779809_3_25ch0,220725,779809,779816,120.0670101126826,108.16653826391968,122.06555615733704,3800.0,255.56349186104043,1.367741946395645,ch0,0,0,0,2.8422967827115224
786934_1_25ch0,220725,786934,786947,172.2217712787779,143.17821063276352,156.5247584249853,4200.0,272.78174593052023,1.4098452812104485,ch0,0,0,0,3.9004163613967258
786934_3_25ch0,220725,786934,786955,286.2997783152936,317.6476034853718,326.49655434629017,29700.0,1129.116882454314,3.415949869647758,ch0,0,0,0,1.496757670027788
832947_1_25ch0,220725,832947,832992,647.811409849734,631.5853069855251,640.7807737440318,136000.0,3639.421715174808,7.750254995095726,ch0,0,43,0,1.650427188522326
832947_3_25ch0,220725,832947,832955,130.68113502722787,100.0,120.41594578792296,3600.0,267.27922061357856,1.5791305214555031,ch0,0,0,0,3.157835053683565
867221_2_25ch0,220725,867221,867233,172.71332374932064,144.22205101855957,158.11388300841895,3500.0,274.4974746830584,1.7131634427815647,ch0,0,0,0,3.542902522801011
867221_3_25ch0,220725,867221,867238,306.6113086790369,303.6445290137795,315.75306807693886,35500.0,990.4772721475248,2.199129538261865,ch0,0,0,0,1.95638413783891
1201988_1_25ch0,220725,1201988,1202008,272.4843234296318,208.80613017821105,218.4032966784156,4300.0,393.1370849898476,2.860287622202377,ch0,0,0,0,3.284926174239702
1201988_2_25ch0,220725,1201988,1202008,343.39993881552584,343.6568055487916,353.5533905932738,52000.0,1059.827560572969,1.7189261179396846,ch0,0,0,0,1.7338354563638794
1203352_1_25ch0,220725,1203352,1203361,126.58134862930126,100.0,116.619037896906,3000.0,234.4974746830583,1.4586302685756485,ch0,0,0,0,3.1625073281208107
1203352_2_25ch0,220725,1203352,1203366,209.6710730107609,205.91260281974,219.5449840010015,17200.0,794.5584412271571,2.9208777524182232,ch0,0,0,0,1.4287675931930173
1229138_1_25ch0,220725,1229138,1229145,151.22309808749776,120.83045973594572,138.92443989449805,4000.0,277.27922061357856,1.529553928964602,ch0,0,0,0,3.749567164862593
1229138_2_25ch0,220725,1229138,1229151,237.9315261136076,225.6102834535696,237.69728648009425,19500.0,839.76659402887,2.877880214270037,ch0,0,0,0,1.6586039004443378
1319552_1_25ch0,220725,1319552,1319560,123.26877122457728,100.0,120.41594578792296,4800.0,327.27922061357856,1.7757661090810914,ch0,0,0,0,2.096362860668848
1319552_2_25ch0,220725,1319552,1319566,289.0414974687824,284.42925306655786,296.141857899217,32300.0,824.558441227157,1.6750605006466122,ch0,0,0,0,1.9624017167081955
1401572_1_25ch0,220725,1401572,1401583,145.43817115330063,110.4536101718726,123.6931687685298,4100.0,288.2842712474619,1.6130512840846487,ch0,0,0,0,3.6146164863944734
1401572_2_25ch0,220725,1401572,1401585,224.98279090683764,199.24858845171275,219.3171219946131,20300.0,822.842712474619,2.654163988311134,ch0,0,0,0,1.4798055913070245
1407561_1_25ch0,220725,1407561,1407574,131.48882593429852,130.0,140.0,4300.0,293.1370849898476,1.59024196559126,ch0,0,0,0,2.815747007234564
1407561_2_25ch0,220725,1407561,1407575,224.06167460015385,225.6102834535696,237.69728648009425,22500.0,759.0559159102155,2.0377699643662184,ch0,0,0,0,1.5019083703675749
1432971_1_25ch0,220725,1432971,1432989,120.6718254890731,110.4536101718726,123.6931687685298,4000.0,246.21320343559643,1.206015312741709,ch0,0,0,0,2.7227063858069784
1432971_2_25ch0,220725,1432971,1432981,127.63407352606109,120.41594578792296,128.06248474865697,5000.0,331.7766952966369,1.751910379217648,ch0,0,0,0,1.8903414259580515
1432971_4_25ch0,220725,1432971,1433003,324.3632020034747,345.39832078341084,358.4689665786984,51700.0,1571.959594928933,3.803490629913518,ch0,0,0,0,1.3038729316074698
1508385_1_25ch0,220725,1508385,1508391,102.2369319539591,100.0,108.16653826391968,4700.0,288.6396103067893,1.410600836605822,ch0,0,0,0,1.4140417951888316
1508385_3_25ch0,220725,1508385,1508409,231.92935469653372,247.3863375370596,257.0992026436488,25800.0,768.050865276332,1.81949302699259,ch0,0,0,0,1.513366200241
1519485_1_25ch0,220725,1519485,1519497,151.9452850637237,126.49110640673518,143.17821063276352,6400.0,399.350288425444,1.982979236801924,ch0,0,0,0,1.9485611656797983
1519485_2_25ch0,220725,1519485,1519533,495.2404152867216,572.8001396647874,594.6427498927402,121700.0,2789.716087690036,5.088849084655918,ch0,0,0,0,1.2671997877851189
1544265_1_25ch0,220725,1544265,1544292,475.9280826178298,463.2493928760188,475.3945729601885,93800.0,1747.1067811865478,2.589561301679048,ch0,18,0,0,1.7488237031735665
1544265_2_25ch0,220725,1544265,1544272,193.50507020224225,152.31546211727817,165.52945357246847,4200.0,286.5685424949238,1.5559580192592877,ch0,0,0,0,3.9286157928871
1576831_1_25ch0,220725,1576831,1576841,104.20537534884302,100.4987562112089,110.4536101718726,3000.0,216.5685424949238,1.2441124287915544,ch0,0,0,0,2.364023357697948
1576831_2_25ch0,220725,1576831,1576845,244.3427450832397,237.69728648009425,247.3863375370596,24000.0,863.1980515339465,2.4705849811314,ch0,0,0,0,1.7183173555483071
1647129_1_25ch0,220725,1647129,1647140,299.10202785916806,284.42925306655786,298.328677803526,26800.0,751.1269837220809,1.675259424923327,ch0,0,0,0,2.502228964628648
1647129_2_25ch0,220725,1647129,1647140,139.24989648399236,111.80339887498948,123.6931687685298,4200.0,324.8528137423857,1.9994664034149976,ch0,0,0,0,1.9765766042946535
1682658_1_25ch0,220725,1682658,1682667,136.7937857447063,102.95630140987,116.619037896906,2100.0,212.07106781186548,1.7042515101480982,ch0,0,0,0,3.106778139739628
1682658_2_25ch0,220725,1682658,1682667,175.9059039020375,152.97058540778357,170.8800749063506,10500.0,606.2741699796952,2.7857296609500355,ch0,0,0,0,1.9416102350201767
1785278_1_25ch0,220725,1785278,1785288,134.1847097555453,116.619037896906,125.29964086141668,3400.0,260.3553390593274,1.5865150458946955,ch0,0,0,0,3.018268374016969
1785278_2_25ch0,220725,1785278,1785292,240.20008790422628,225.6102834535696,240.4163056034261,21600.0,1025.9797974644666,3.8780553489592418,ch0,0,0,0,1.56487490716068
1846234_1_25ch0,220725,1846234,1846256,440.510486309259,425.7933771208753,439.317652729776,69400.0,2020.5992052357224,4.681564607320142,ch0,0,0,0,1.837733650436815
1846234_4_25ch0,220725,1846234,1846252,176.42259152853515,181.10770276274835,191.049731745428,7700.0,509.7056274847714,2.684962768316536,ch0,0,0,0,2.2056228849087764
1889207_1_25ch0,220725,1889207,1889221,261.50785116125377,236.00847442411893,244.13111231467408,7500.0,530.416305603426,2.9851255745341736,ch0,0,0,0,5.0511052897004936
1889207_2_25ch0,220725,1889207,1889233,338.1406581596499,338.3784863137726,349.2849839314596,49600.0,1346.75144212722,2.9099354682499867,ch0,0,0,0,1.5913710324735328
1900144_1_25ch0,220725,1900144,1900150,187.2515806469897,180.0,191.049731745428,8300.0,454.8528137423857,1.983598699330481,ch0,0,0,0,2.553512741776446
1900144_2_25ch0,220725,1900144,1900158,195.506099857116,196.468827043885,208.80613017821105,22000.0,596.2741699796952,1.2860547216780875,ch0,0,0,0,1.3255227620893268
2038653_1_25ch0,220725,2038653,2038659,101.83487121904447,100.0,108.16653826391968,5000.0,250.7106781186548,1.0003818294343862,ch0,0,0,0,1.6138549058123102
2038653_3_25ch0,220725,2038653,2038670,262.9060012198888,257.0992026436488,266.8332812825267,27100.0,875.6244584051392,2.251420484138652,ch0,0,0,0,1.629837178833969
2090872_1_25ch0,220725,2090872,2090881,115.81539432222672,102.95630140987,116.619037896906,4200.0,253.1370849898476,1.2140942293639525,ch0,0,0,0,2.4776646208267787
2090872_2_25ch0,220725,2090872,2090884,181.18081905448565,167.63054614240212,192.35384061671343,16100.0,680.416305603426,2.2883038173160943,ch0,0,0,0,1.3343832678379732
2161634_2_25ch0,220725,2161634,2161663,604.2190707874389,606.3827174318213,618.4658438426491,118400.0,2236.51803615609,3.3618880176970043,ch0,0,0,0,2.2043568912897045
2161634_3_25ch0,220725,2161634,2161642,108.85405591152043,100.0,108.16653826391968,3100.0,224.85281374238568,1.2978517746326836,ch0,0,0,0,2.528627712117547
2200593_1_25ch0,220725,2200593,2200604,275.57175301362884,262.48809496813374,282.31188426986205,22600.0,1019.0559159102156,3.656602281451892,ch0,6,0,0,1.9132576932973424
2200593_3_25ch0,220725,2200593,2200604,114.0568220144496,110.4536101718726,120.41594578792296,2700.0,218.2842712474619,1.4043367408869336,ch0,0,0,0,2.4967899195701917
2327398_1_25ch0,220725,2327398,2327416,216.7327878777466,184.39088914585773,194.164878389476,5500.0,405.208152801713,2.375657323615457,ch0,0,0,0,3.06176982067932
2327398_2_25ch0,220725,2327398,2327419,251.86833047329017,260.768096208106,272.9468812791236,39800.0,784.558441227157,1.2307154787382182,ch0,0,19,0,1.201481123225118
2369626_1_25ch0,220725,2369626,2369642,418.9783783555766,412.31056256176606,422.0189569201838,47000.0,1498.467170879758,3.80177791390916,ch0,10,0,0,2.601642613294095
2369626_3_25ch0,220725,2369626,2369641,189.5038656232956,155.24174696260025,167.63054614240212,8400.0,493.8477631085024,2.310452433226363,ch0,0,0,0,1.8468307594054512
139555_1_27ch0,220727,139555,139561,112.28156280725752,111.80339887498948,120.83045973594572,4300.0,271.42135623730945,1.36335737850141,ch0,2,0,0,1.8752821733545375
139555_2_27ch0,220727,139555,139578,329.4814276612612,344.81879299133334,358.4689665786984,50800.0,1101.1879502661795,1.8995438552183304,ch0,0,0,0,1.5611145526757766
470029_1_30ch0,220730,470029,470044,184.4535607185597,161.55494421403512,183.5755975068582,13500.0,672.1320343559643,2.6629656038815006,ch0,0,0,0,1.4222247500333092
470029_2_30ch0,220730,470029,470037,112.18409856168768,100.0,108.16653826391968,2400.0,216.56854249492383,1.5551405359894432,ch0,0,0,0,2.6174753781582907
615928_1_30ch0,220730,615928,615963,320.27547793574547,355.10561809129405,366.742416417845,30300.0,1093.1980515339465,3.138666740884022,ch0,35,0,0,2.003340464545455
615928_4_30ch0,220730,615928,615933,124.48201014152174,104.40306508910552,114.0175425099138,4000.0,268.6396103067893,1.4357216264042163,ch0,0,0,0,2.35744929746838
83694_1_01ch0,220801,83694,83824,1214.8271941549174,1334.1664064126337,1343.9121995130486,170700.0,3125.269119345812,4.553354424786674,ch0,131,0,0,5.113306739681245
83694_5_01ch0,220801,83694,83715,237.4149190888164,215.870331449229,225.6102834535696,7100.0,504.4974746830583,2.85265847687153,ch0,0,0,0,5.14131980943527
83694_6_01ch0,220801,83694,83711,178.67358438836038,174.6424919657298,184.39088914585773,8300.0,384.4974746830583,1.4174215362972369,ch0,0,0,0,2.7075473042840743
83694_1_01ch0,220801,83694,83824,1214.8271941549174,1334.1664064126337,1343.9121995130486,170700.0,3125.269119345812,4.553354424786674,ch0,131,0,0,5.113306739681245
83694_5_01ch0,220801,83694,83715,237.4149190888164,215.870331449229,225.6102834535696,7100.0,504.4974746830583,2.85265847687153,ch0,0,0,0,5.14131980943527
83694_6_01ch0,220801,83694,83711,178.67358438836038,174.6424919657298,184.39088914585773,8300.0,384.4974746830583,1.4174215362972369,ch0,0,0,0,2.7075473042840743
311709_1_01ch0,220801,311709,311721,151.20730828822118,123.6931687685298,139.2838827718412,4500.0,298.99494936611666,1.5809033754529036,ch0,0,0,0,3.311232990550315
311709_2_01ch0,220801,311709,311723,206.04785779335623,210.95023109728987,219.5449840010015,19400.0,705.9188309203678,2.044080242207704,ch0,0,0,0,1.2925349648070312
323242_1_01ch0,220801,323242,323253,137.3074531891581,111.80339887498948,123.6931687685298,4200.0,274.1421356237309,1.4239424229327071,ch0,0,0,0,3.414159728370488
323242_2_01ch0,220801,323242,323256,214.4287479028605,218.4032966784156,228.0350850198276,22700.0,749.4112549695427,1.968814055789946,ch0,0,0,0,1.4313564228074187
284059_1_02ch0,220802,284059,284069,116.70102883551571,111.80339887498948,120.83045973594572,3400.0,251.06601717798213,1.475322905499292,ch0,0,0,0,2.87653782926865
284059_3_02ch0,220802,284059,284074,240.2031690644552,234.0939982143925,246.98178070456936,27100.0,982.842712474619,2.836539846741288,ch0,0,0,0,1.3935327372154067
206257_1_07ch0,220807,206257,206267,121.98981444069824,107.70329614269008,117.04699910719626,3800.0,250.35533905932735,1.3125632924947308,ch0,0,0,0,2.7956377138032584
206257_2_07ch0,220807,206257,206273,234.94348089366213,246.98178070456936,256.3201123595259,22100.0,890.8326112068523,2.857525249157107,ch0,0,0,0,1.45035653335553
385927_1_07ch0,220807,385927,385937,143.9240580718365,128.06248474865697,136.01470508735443,4100.0,305.208152801713,1.8080004744857625,ch0,0,0,0,3.4103245554790558
385927_2_07ch0,220807,385927,385943,249.6142804620604,256.3201123595259,265.70660511172844,27800.0,1005.2691193458118,2.892744147271594,ch0,0,0,0,1.3728668010650176
745_1_07ch0,220807,745,753,458.8519984845942,496.4876634922564,506.35955604688655,18800.0,998.9949493661164,4.224340061321399,ch0,7,0,0,5.898982123009252
745_2_07ch0,220807,745,755,425.9714809213515,380.0,390.0,4400.0,420.0,3.190333177432993,ch0,0,0,0,33.689935107616265
745_2_07ch0,220807,745,755,130.14562145100393,111.80339887498948,125.29964086141668,5200.0,294.4974746830583,1.3272414687682452,ch0,0,0,0,2.387694452537957
31017_1_07ch0,220807,31017,31045,344.6095782343357,363.45563690772497,374.8332962798263,71200.0,1155.685424949238,1.492758025184226,ch0,0,0,0,1.2741304000342035
31017_2_07ch0,220807,31017,31030,137.88193658277146,139.2838827718412,148.66068747318505,5800.0,304.8528137423857,1.275095045047093,ch0,0,0,0,2.513988284650616
31047_1_07ch0,220807,31047,31125,518.1110759263478,509.9019513592785,521.7278984298232,96500.0,1785.685424949238,2.629497306889728,ch0,45,0,0,2.004254171409144
31047_5_07ch0,220807,31047,31074,332.24857425298023,328.9376840679705,338.3784863137726,45900.0,894.9747468305832,1.3886698701875273,ch0,0,0,0,1.8599303040117128
31047_6_07ch0,220807,31047,31053,137.93783162576122,111.80339887498948,125.29964086141668,3900.0,285.208152801713,1.659775694923903,ch0,0,0,0,3.1246155011129315
31047_1_07ch0,220807,31047,31130,762.8788294102577,832.946576918352,842.9116205154606,111200.0,2588.406204335659,4.794576065035538,ch0,35,0,0,3.603760119832041
264735_1_08ch0,220808,264735,264749,173.7727361776681,145.60219778561037,158.11388300841895,4900.0,350.3553390593274,1.993478408370081,ch0,0,0,0,3.515931341348033
264735_2_08ch0,220808,264735,264752,254.75521988335896,250.79872407968907,262.48809496813374,32900.0,925.269119345812,2.070762892204334,ch0,0,0,0,1.3371361770781396
153954_2_19ch1,220719,153954,153981,493.5516564780613,516.2363799656123,524.7856705360771,58400.0,1541.959594928933,3.2398378612107885,ch1,0,0,0,2.7869980511988857
153954_9_19ch1,220719,153954,153961,121.36238311332988,104.40306508910552,117.04699910719626,5700.0,341.4213562373095,1.6274087497442793,ch1,0,0,0,1.611616963878762
290352_4_19ch1,220719,290352,290379,282.02441975665977,305.28675044947494,313.8470965295043,51300.0,1250.832611206852,2.4270077425633145,ch1,0,0,0,1.1035210619823
290352_5_19ch1,220719,290352,290362,139.7960550090219,108.16653826391968,130.384048104053,3800.0,256.5685424949238,1.3785208955524084,ch1,0,0,0,2.7231213910179948
728867_1_19ch1,220719,728867,728874,148.0619249144649,125.29964086141668,138.92443989449805,4000.0,278.6396103067893,1.5445993679193797,ch1,0,0,0,3.49308914675001
728867_4_19ch1,220719,728867,728883,198.5266184663305,191.049731745428,208.08652046684813,18800.0,998.050865276332,4.216359544935034,ch1,0,0,0,1.2604602640676732
1569592_1_19ch1,220719,1569592,1569603,384.3165329980287,374.8332962798263,384.70768123342685,35600.0,1116.6295090390229,2.7871371458211813,ch1,7,0,0,2.916846545484897
1569592_3_19ch1,220719,1569592,1569601,152.98057730091423,114.0175425099138,134.53624047073708,4300.0,328.9949493661166,2.003088520572853,ch1,0,0,0,2.7723296055199813
1569592_4_19ch1,220719,1569592,1569603,135.02882147896293,125.29964086141668,134.1640786499874,4100.0,332.4264068711929,2.1448519008386864,ch1,0,0,0,2.372856766158195
2280411_1_19ch1,220719,2280411,2280425,269.86958896737656,260.768096208106,273.1300056749533,24800.0,850.1219330881975,2.319000793981272,ch1,0,0,0,1.899933469978209
2280411_2_19ch1,220719,2280411,2280422,137.72730248781343,117.04699910719626,126.49110640673518,3900.0,281.4213562373095,1.6159935845562563,ch1,0,0,0,2.8657000135184703
266793_1_20ch1,220720,266793,266812,250.75701351363,264.76404589747455,274.5906043549196,32600.0,1048.7615433949868,2.6848871968806,ch1,0,0,0,1.2799282718268272
266793_2_20ch1,220720,266793,266801,113.31960253781348,100.0,108.16653826391968,2800.0,218.63961030678928,1.3585943178397983,ch1,0,0,0,2.7211859554182136
429550_1_20ch1,220720,429550,429562,185.6301068599751,174.6424919657298,186.81541692269408,12700.0,542.8427124746189,1.8464367645845865,ch1,0,0,0,1.971559265213816
429550_4_20ch1,220720,429550,429573,395.068892323544,389.48684188300894,398.2461550347976,59600.0,1281.8986283848346,2.194073853009839,ch1,0,13,0,1.8064435402502357
509240_1_20ch1,220720,509240,509249,139.4043597050449,120.41594578792296,128.06248474865697,5200.0,321.06601717798213,1.577522178194553,ch1,0,0,0,2.353132177863813
509240_2_20ch1,220720,509240,509251,138.55304358489894,130.384048104053,144.22205101855957,5500.0,341.06601717798213,1.6830783980152946,ch1,0,0,0,1.481964708533921
1087719_1_20ch1,220720,1087719,1087726,160.47548009775966,139.2838827718412,148.66068747318505,4600.0,341.4213562373095,2.01657171163965,ch1,0,0,0,2.778526054053165
1087719_5_20ch1,220720,1087719,1087732,212.5153452742393,211.8962010041709,221.35943621178652,22300.0,690.416305603426,1.7010119008930418,ch1,0,0,0,1.5171269959631484
1157583_1_20ch1,220720,1157583,1157611,288.3528959173855,294.10882339705483,306.7572330035593,27400.0,951.4823227814082,2.6293053274559584,ch1,24,0,0,1.9582054285156545
1157583_2_20ch1,220720,1157583,1157591,128.11920003092888,120.83045973594572,130.0,5200.0,323.1370849898475,1.597939742081589,ch1,0,0,0,1.850902574496753
1364814_4_20ch1,220720,1364814,1364895,906.3348803172388,834.8652585896721,844.3340571124678,183800.0,3309.0054095713817,4.740668452880563,ch1,0,54,0,2.808775834043062
1364814_5_20ch1,220720,1364814,1364826,140.696767961411,123.6931687685298,136.01470508735443,3500.0,290.3553390593274,1.9168217301665915,ch1,0,0,0,2.922902342360292
1376979_1_20ch1,220720,1376979,1377007,572.3996276301921,570.701322935211,580.5170109479997,81000.0,1762.670273047588,3.0524409959169714,ch1,0,0,0,2.9542625294081506
1376979_4_20ch1,220720,1376979,1376987,121.28038747191025,113.1370849898476,120.41594578792296,3600.0,248.99494936611663,1.3704674057906985,ch1,0,0,0,2.788016442122134
1541107_2_20ch1,220720,1541107,1541119,170.97184138085825,130.0,152.64337522473747,4400.0,325.208152801713,1.912759240412906,ch1,0,0,0,4.027033993741229
1541107_3_20ch1,220720,1541107,1541119,257.7343460077473,250.0,262.48809496813374,24600.0,670.0609665440987,1.452391397063124,ch1,0,0,0,2.056977261826592
1766183_1_20ch1,220720,1766183,1766204,243.22493050492875,264.0075756488817,278.0287754891569,29100.0,873.5533905932738,2.086777062693253,ch1,0,0,0,1.2353524509649112
1766183_3_20ch1,220720,1766183,1766194,119.86925858315232,111.80339887498948,121.65525060596438,4300.0,303.1370849898476,1.7005907813939172,ch1,0,0,0,2.194726645595454
1891378_1_20ch1,220720,1891378,1891402,547.3056381221294,536.0037313302959,549.1812087098392,83300.0,2421.0155108391486,5.599384339326304,ch1,0,0,0,2.323220419266458
1891378_5_20ch1,220720,1891378,1891381,147.59190164964787,141.4213562373095,152.97058540778357,3900.0,300.7106781186548,1.84511410550309,ch1,0,0,0,3.5488846049486766
1955102_1_20ch1,220720,1955102,1955144,481.278007112175,517.3973328110612,524.9761899362675,80500.0,2496.2236636408616,6.159723919230832,ch1,0,10,0,1.906730645545418
1955102_16_20ch1,220720,1955102,1955116,195.6663194777657,166.43316977093238,180.27756377319943,4600.0,371.4213562373095,2.3865253246962927,ch1,0,4,0,4.004330351408727
2069528_1_20ch1,220720,2069528,2069549,257.5693235129667,287.9236009777593,297.3213749463701,37600.0,982.5483399593904,2.043196535503406,ch1,0,0,0,1.2798901892829952
2069528_2_20ch1,220720,2069528,2069537,128.08926286924495,120.41594578792296,134.53624047073708,7200.0,331.06601717798213,1.2113979875962924,ch1,0,0,0,1.6890653396385988
2258301_1_20ch1,220720,2258301,2258316,159.66308403199582,162.78820596099706,170.29386365926402,11200.0,501.7766952966369,1.788928928912696,ch1,16,0,0,1.3946341400335522
2258301_4_20ch1,220720,2258301,2258335,483.4060789583137,460.6517122512408,470.1063709417264,57300.0,1680.8935777509512,3.9238820998856334,ch1,0,0,0,2.582665659857126
2267151_1_20ch1,220720,2267151,2267159,158.19372619789578,143.17821063276352,161.24515496597098,7700.0,437.634559672906,1.9793501665804845,ch1,0,0,0,2.277524623527221
2267151_4_20ch1,220720,2267151,2267169,277.77096181022165,287.9236009777593,297.3213749463701,35400.0,838.4062043356595,1.5801409965918942,ch1,0,0,0,1.634794399076357
2526440_1_20ch1,220720,2526440,2526457,214.76617882282312,194.164878389476,206.15528128088303,19100.0,901.8376618407356,3.388546929556955,ch1,0,0,0,1.1727119796895669
2526440_2_20ch1,220720,2526440,2526450,127.22846337303828,122.06555615733704,130.384048104053,3600.0,261.06601717798213,1.506566556281915,ch1,0,0,0,3.0086591425742126
106180_1_23ch1,220723,106180,106192,151.49579031701066,130.0,147.648230602334,5400.0,335.56349186104046,1.659379750829317,ch1,0,0,0,2.7754950508401754
106180_2_23ch1,220723,106180,106230,557.278626028028,554.7071299343465,563.6488268416781,110300.0,2658.294731452728,5.098247143913105,ch1,0,0,0,1.6414166285899718
554450_1_23ch1,220723,554450,554459,121.00380209837957,102.95630140987,116.619037896906,3700.0,247.2792206135786,1.3151147791703206,ch1,0,0,0,2.997838668846757
554450_2_23ch1,220723,554450,554463,230.6213338826855,225.6102834535696,240.4163056034261,23600.0,908.700576850888,2.7843238051700685,ch1,0,0,0,1.5356469586116468
716963_1_23ch1,220723,716963,717022,668.2372032034577,780.3204469959762,788.9233169326408,263100.0,3255.573952066306,3.205711372746478,ch1,0,0,0,1.2316198723255358
716963_3_23ch1,220723,716963,716976,160.7410141044772,152.64337522473747,161.24515496597098,7800.0,476.62950903902265,2.3177008869639457,ch1,0,0,0,1.8232716230165755
726339_1_23ch1,220723,726339,726411,694.4472635916102,810.0617260431454,818.8406438373709,310800.0,3564.213562373095,3.2526442253780026,ch1,0,61,0,1.0887515844250617
726339_3_23ch1,220723,726339,726350,133.48847102220836,111.80339887498948,126.49110640673518,3300.0,254.49747468305836,1.561863769428131,ch1,0,0,0,2.491464770983881
1660610_1_23ch1,220723,1660610,1660624,225.35115146321388,228.2542442102665,246.98178070456936,18300.0,797.3401871576772,2.764562124551332,ch1,0,0,0,1.465697424689375
1660610_2_23ch1,220723,1660610,1660620,105.99606659083663,100.4987562112089,110.4536101718726,3100.0,236.9238815542512,1.4409407399232226,ch1,0,0,0,2.2943942570106675
645995_1_25ch1,220725,645995,646054,647.4829753670361,756.9015788066504,769.2203845452875,231500.0,5229.371208835974,9.400221423333392,ch1,0,15,0,1.175536350302726
645995_18_25ch1,220725,645995,646007,133.64922278663147,123.6931687685298,136.01470508735443,8000.0,431.7766952966369,1.8544645896828813,ch1,0,7,0,1.3548122181683568
696942_1_25ch1,220725,696942,696986,686.1683097398532,703.8465741907111,716.9379331573969,170700.0,3484.92424049175,5.661653643380703,ch1,32,0,0,1.7715529011907358
696942_5_25ch1,220725,696942,696953,130.2530363777263,122.06555615733704,134.1640786499874,4600.0,333.1370849898476,1.919898489065927,ch1,0,0,0,1.8632884150975384
851407_1_25ch1,220725,851407,851415,122.0377796767736,113.1370849898476,120.41594578792296,3500.0,253.1370849898476,1.4569130752367432,ch1,0,0,0,2.992426978842576
851407_2_25ch1,220725,851407,851429,366.87272852935314,372.155881318568,383.275357934736,51200.0,1306.0407640085657,2.651145965785966,ch1,0,0,0,1.807609525515665
912544_1_25ch1,220725,912544,912572,522.504529485477,518.6520991955977,534.8831648126533,67100.0,1804.0916292848972,3.859977727218182,ch1,0,0,0,2.825913426175399
912544_2_25ch1,220725,912544,912557,143.23213262230908,131.52946437965906,141.4213562373095,6200.0,349.70562748477136,1.569653123525866,ch1,0,0,0,2.0929753911953437
923919_1_25ch1,220725,923919,923933,343.3431064202954,327.56678708318395,337.34255586866,38100.0,1093.553390593274,2.497728004831248,ch1,0,0,0,2.1468078013172214
923919_2_25ch1,220725,923919,923931,120.64258478501498,123.6931687685298,139.2838827718412,6000.0,318.6396103067893,1.3465993798353393,ch1,0,0,0,1.5257732221521554
1020946_1_25ch1,220725,1020946,1020959,179.1733345357581,177.2004514666935,186.81541692269408,12300.0,692.4873734152916,3.102478228882865,ch1,0,0,0,1.6786949314179749
1020946_2_25ch1,220725,1020946,1020962,228.38873634349892,220.2271554554524,240.83189157584596,17100.0,772.4873734152916,2.777005913086237,ch1,0,0,0,1.9274338293594315
1214023_1_25ch1,220725,1214023,1214036,152.20302398428342,130.384048104053,140.356688476182,3500.0,278.6396103067893,1.7652564204792915,ch1,0,0,0,3.3255829994059454
1214023_2_25ch1,220725,1214023,1214036,219.2296362349132,194.164878389476,215.40659228538016,19900.0,802.842712474619,2.577495992451498,ch1,0,0,0,1.4708689214465165
1572473_1_25ch1,220725,1572473,1572484,138.34571462031295,114.0175425099138,130.0,4100.0,284.85281374238576,1.574879415960988,ch1,0,0,0,3.172806246552899
1572473_3_25ch1,220725,1572473,1572486,247.21260199456023,233.238075793812,241.86773244895647,23000.0,1039.4112549695428,3.737981350356782,ch1,0,0,0,1.542401345020334
1809429_1_25ch1,220725,1809429,1809444,255.6227044427969,243.5159132377184,256.3201123595259,26400.0,1051.8376618407356,3.334906353279553,ch1,0,0,0,1.3769750035804271
1809429_2_25ch1,220725,1809429,1809440,138.84940460059542,117.04699910719626,130.0,4100.0,272.78174593052023,1.4442317514838745,ch1,0,0,0,2.946631507839672
1918023_1_25ch1,220725,1918023,1918035,226.5231366379652,211.8962010041709,232.59406699226017,22900.0,621.0660171779821,1.3403869377099538,ch1,0,0,0,1.6673901620815677
1918023_2_25ch1,220725,1918023,1918033,120.20416996420316,101.9803902718557,117.04699910719626,3700.0,278.2842712474619,1.6655809037986138,ch1,0,0,0,2.3775688331142195
2080211_1_25ch1,220725,2080211,2080234,323.7031563197585,347.85054261852173,357.3513677041127,42200.0,1201.1879502661795,2.720818794226544,ch1,0,0,0,1.6567821452391749
2080211_3_25ch1,220725,2080211,2080230,164.45070520397562,190.0,200.24984394500788,12700.0,630.4163056034262,2.490240489590429,ch1,0,20,0,1.1241257788717534
2152632_1_25ch1,220725,2152632,2152645,208.18041127141464,213.7755832643195,225.6102834535696,14100.0,776.6295090390225,3.404072487486607,ch1,0,0,0,1.552117050487599
2152632_2_25ch1,220725,2152632,2152641,130.7816714024147,108.16653826391968,116.619037896906,2000.0,170.0,1.149894463838944,ch1,0,0,0,2.798370494089859
2283556_1_25ch1,220725,2283556,2283576,334.03797499421296,355.10561809129405,364.9657518178932,49800.0,1037.0458146424487,1.7185282647174611,ch1,0,0,0,1.6950186884950391
2283556_2_25ch1,220725,2283556,2283560,128.05631321028216,114.0175425099138,126.49110640673518,3800.0,282.78174593052023,1.6745930422998103,ch1,0,0,0,2.9432452072762865
2363730_2_25ch1,220725,2363730,2363773,887.6947330822118,804.9844718999243,815.4140052758476,184300.0,3488.416664540924,5.25438033534013,ch1,0,29,0,2.38177189011062
2363730_3_25ch1,220725,2363730,2363738,137.1337527524651,108.16653826391968,128.06248474865697,3600.0,276.9238815542512,1.6951512565751714,ch1,0,0,0,2.604008020565576
2377758_1_25ch1,220725,2377758,2377781,299.24651611481244,320.1562118716424,330.15148038438355,35400.0,1143.6143571373725,2.939991479794512,ch1,0,0,0,1.6088052830059365
2377758_7_25ch1,220725,2377758,2377765,107.54946590749137,107.70329614269008,117.04699910719626,5100.0,294.85281374238576,1.3565334678827454,ch1,0,8,0,1.4899164379706886
2403383_2_25ch1,220725,2403383,2403417,509.7236995945649,497.3932046178355,506.0632371551998,57000.0,2026.8733752154176,5.735463444083216,ch1,0,0,0,2.877494341631284
2403383_4_25ch1,220725,2403383,2403392,205.6503473391612,183.5755975068582,192.35384061671343,4400.0,357.27922061357856,2.308622777258639,ch1,0,0,0,4.424043903902467
2426922_1_25ch1,220725,2426922,2426937,199.38456145471403,206.15528128088303,215.870331449229,22500.0,694.5584412271571,1.7061814092170482,ch1,0,0,0,1.3132781887076372
2426922_4_25ch1,220725,2426922,2426932,111.57420710927929,104.40306508910552,120.83045973594572,6300.0,304.4974746830584,1.1711620115854544,ch1,0,5,0,1.4025094468565389
2484896_1_25ch1,220725,2484896,2484918,331.3203265896034,317.8049716414141,331.209903233584,43200.0,1467.8174593052022,3.968720254252997,ch1,0,0,0,1.5759658869099673
2484896_2_25ch1,220725,2484896,2484914,217.9058124116787,184.39088914585773,196.468827043885,5000.0,359.350288425444,2.0552096345764976,ch1,0,0,0,3.9492693205679976
2515424_1_25ch1,220725,2515424,2515437,187.5867092407344,183.8477631085024,193.13207915827968,17100.0,615.5634918610405,1.7633549233872428,ch1,0,0,0,1.3954977840796894
2515424_2_25ch1,220725,2515424,2515429,147.72355908558913,126.49110640673518,139.2838827718412,4100.0,302.42640687119285,1.775193497998811,ch1,0,0,0,3.1402358814226403
2596767_1_25ch1,220725,2596767,2596781,240.1677081231048,223.60679774997897,233.45235059857504,24800.0,836.9848480983501,2.247882711943746,ch1,0,0,0,1.516803779041617
2596767_2_25ch1,220725,2596767,2596778,141.4282614584544,117.04699910719626,134.1640786499874,4300.0,298.99494936611666,1.6544337650088523,ch1,0,0,0,2.893292628986734
2627846_1_25ch1,220725,2627846,2627874,474.3686523578599,483.83881613611777,494.7726750741192,90600.0,2312.37590053236,4.696548454843839,ch1,0,0,0,1.656705077679101
2627846_5_25ch1,220725,2627846,2627857,176.9342627669261,142.12670403551894,162.78820596099706,4700.0,353.1370849898476,2.111440917955069,ch1,0,0,0,2.966784361034472
42613_2_26ch1,220726,42613,42643,526.3704449242708,560.8921464952064,570.701322935211,108300.0,1880.243866176395,2.5977062574190906,ch1,0,0,0,1.80969093429404
42613_4_26ch1,220726,42613,42627,161.82050993573668,147.648230602334,158.11388300841895,6800.0,421.4213562373095,2.0783290313560285,ch1,0,0,0,2.28282199697036
614484_1_30ch1,220730,614484,614496,128.57666186143547,123.6931687685298,133.41664064126334,3400.0,282.42640687119285,1.8669032879153185,ch1,0,0,0,2.607577176022335
614484_2_30ch1,220730,614484,614500,231.6388043625844,234.30749027719963,244.13111231467408,26600.0,868.7005768508881,2.25760895536226,ch1,0,0,0,1.3421896411809726
824385_1_30ch1,220730,824385,824399,268.543392464269,263.0589287593181,281.60255680657446,28500.0,1186.6904755831215,3.9320604818196063,ch1,0,0,0,1.525295472627645
824385_2_30ch1,220730,824385,824396,130.6004289658973,111.80339887498948,126.49110640673518,3900.0,286.5685424949238,1.6756470976638482,ch1,0,0,0,2.923051319557782
166205_3_01ch1,220801,166205,166244,523.2121830138854,565.685424949238,575.5866572463264,145000.0,2083.3809511662425,2.382097381525216,ch1,0,0,0,1.430390147803759
166205_4_01ch1,220801,166205,166217,166.83588943414105,148.66068747318505,156.20499351813308,7100.0,367.98989873223326,1.5177616751287064,ch1,0,0,0,2.77222981607078
203564_1_06ch1,220806,203564,203581,196.827751866108,177.2004514666935,196.9771560359221,9900.0,477.27922061357856,1.831049120521228,ch1,0,0,0,2.740071796449814
203564_2_06ch1,220806,203564,203579,172.68514529088452,165.52945357246847,174.6424919657298,10100.0,446.2741699796952,1.569178192887022,ch1,0,0,0,2.1871093083682256
576660_1_06ch1,220806,576660,576683,509.82750950711,500.0,515.4609587543949,47900.0,1939.594154601839,6.24994730591129,ch1,0,0,0,3.2382860024487576
576660_3_06ch1,220806,576660,576671,119.82119215606494,111.80339887498948,123.6931687685298,5400.0,359.350288425444,1.9029718838671277,ch1,0,0,0,1.45174847776297
291817_1_07ch1,220807,291817,291855,425.5404458910051,452.7692569068709,460.1086828130937,54800.0,1458.1727983645296,3.087646425152417,ch1,0,0,0,2.20241251433153
291817_8_07ch1,220807,291817,291827,102.18927785767563,104.40306508910552,117.04699910719626,4800.0,305.208152801713,1.5443337386232552,ch1,0,0,0,1.412066753965441
315316_6_07ch1,220807,315316,315328,138.63165060831815,123.6931687685298,136.01470508735443,4000.0,278.6396103067893,1.54459936791938,ch1,0,0,0,3.2646194466835787
315316_7_07ch1,220807,315316,315355,415.00542529145,504.4799302251776,512.2499389946279,88700.0,1964.7413408594532,3.4631976885381826,ch1,0,32,0,1.3065412360227215
18539_1_07ch1,220807,18539,18578,473.76717383759575,483.3218389437829,493.9635614091387,137000.0,1509.53318805774,1.3235943366165936,ch1,0,0,0,1.2609460457974315
18539_1_07ch1,220807,18539,18594,579.0082497160283,676.2396025078685,686.0029154456998,146400.0,2174.091629284898,2.56924042738934,ch1,6,0,0,1.5894599105312426
34578_1_07ch1,220807,34578,34690,299.51631700641315,338.3784863137726,346.6987164671943,41500.0,950.4163056034264,1.7320873759447877,ch1,29,0,0,1.521942418268391
34578_2_07ch1,220807,34578,34661,644.2600281240125,710.6335201775947,721.1102550927978,263800.0,2578.0003589374983,2.0048472618444357,ch1,0,0,0,1.1939348585176093
34578_4_07ch1,220807,34578,34602,298.7487288062196,332.41540277189324,339.7057550292606,53800.0,974.9137802864846,1.4058541866854015,ch1,0,25,0,1.240118897436082
34578_1_07ch1,220807,34578,34690,976.3459241164804,1126.4102272262978,1136.3538181394033,223400.0,3385.746391493337,4.083342564028466,ch1,0,82,0,3.119712986150645
34578_3_07ch1,220807,34578,34603,258.0891205205872,259.6150997149434,269.2582403567252,8200.0,519.350288425444,2.617562365507803,ch1,0,17,0,4.9876854233650905
47102_1_07ch1,220807,47102,47130,286.79708361274345,310.64449134018133,322.490309931942,45500.0,1304.9747468305832,2.9783995278612823,ch1,18,0,0,1.1947901256761826
47102_1_07ch1,220807,47102,47130,287.8453214758643,318.9043743820395,328.0243893371345,50200.0,1116.6904755831215,1.976751344318628,ch1,0,0,0,1.1671807933853096
