name,date,slice_s_idx,slice_e_idx,start_time,end_time,ellipse_d_max,Euclidean_d_max,Feret_d_max,area,perimeter,circularity,probe,first_diode_trunc,last_diode_trunc,image_trunc,aspect_ratio,wind_w,pres,alt,temp,LWC,IWC
94298_1_19ch0,220719,94298,94332,53:05.0,53:05.0,349.7101327,392.0459157,402.2437072,71300,1454.325035,2.360606326,ch0,25,0,0,1.219160623,-2.0431948,400.87717,7644.9404,257.9089,0.032682706,0.076399386
94298_2_19ch0,220719,94298,94311,53:05.0,53:05.0,146.8395778,130,140.3566885,4400,313.137085,1.773399037,ch0,0,0,0,3.089049344,-2.0431948,400.87717,7644.9404,257.9089,0.032682706,0.076399386
226470_1_19ch0,220719,226470,226482,56:50.7,56:50.7,152.2725824,126.4911064,143.1782106,4200,315.2081528,1.882503227,ch0,0,0,0,3.395385204,-2.7623172,388.69946,7885.331,255.70236,0.16222349,0.33487892
226470_3_19ch0,220719,226470,226483,56:50.7,56:50.7,174.5907119,172.0465053,186.0107524,13000,652.4873734,2.606099587,ch0,0,0,0,1.533949452,-2.7623172,388.69946,7885.331,255.70236,0.16222349,0.33487892
230869_1_19ch0,220719,230869,230879,56:50.8,56:50.8,135.5563667,144.222051,152.6433752,8000,483.492424,2.3253027,ch0,0,0,0,1.263412206,-2.7623172,388.69946,7885.331,255.70236,0.186962,0.44295257
230869_4_19ch0,220719,230869,230879,56:50.8,56:50.8,127.3318876,116.6190379,125.2996409,6300,403.8477631,2.060084099,ch0,0,0,0,1.422839271,-2.7623172,388.69946,7885.331,255.70236,0.186962,0.44295257
235921_1_19ch0,220719,235921,235938,56:50.9,56:50.9,349.7671759,317.8049716,327.5667871,28600,1188.761543,3.932000797,ch0,0,4,0,2.307064491,-2.7623172,388.69946,7885.331,255.70236,0.20870729,0.28334114
235921_3_19ch0,220719,235921,235926,56:50.9,56:50.9,101.8797936,100,110.4536102,2800,216.5685425,1.332977602,ch0,0,1,0,1.968843107,-2.7623172,388.69946,7885.331,255.70236,0.20870729,0.28334114
249985_1_19ch0,220719,249985,249995,56:51.3,56:51.3,137.6088386,114.0175425,130.3840481,4100,281.4213562,1.537164629,ch0,0,0,0,3.407774722,-2.7623172,388.69946,7885.331,255.70236,0.3099839,0.23613556
249985_2_19ch0,220719,249985,250002,56:51.3,56:51.3,253.8874809,245.1530134,259.6150997,29400,1078.406204,3.147803118,ch0,0,0,0,1.465887614,-2.7623172,388.69946,7885.331,255.70236,0.3099839,0.23613556
364115_1_19ch0,220719,364115,364180,04:04.6,04:04.6,824.919411,869.2525525,882.3831367,264600,5807.777413,10.14425652,ch0,0,0,0,1.507363023,0.43608752,428.62976,7139.6304,261.3612,0.008301605,0.029498398
364115_13_19ch0,220719,364115,364124,04:04.6,04:04.6,202.9441757,155.241747,170.8800749,7700,627.6345597,4.071112553,ch0,0,0,0,1.789665588,0.43608752,428.62976,7139.6304,261.3612,0.008301605,0.029498398
806361_1_19ch0,220719,806361,806380,11:06.9,11:06.9,313.9176541,291.5475947,303.644529,35200,1034.974747,2.421625488,ch0,0,0,0,1.909872152,6.61E-05,451.98834,6729.8833,263.03412,0.004091413,0.19165337
806361_2_19ch0,220719,806361,806371,11:06.9,11:06.9,125.1125702,104.4030651,120.8304597,3900,258.9949494,1.368699533,ch0,0,0,0,2.877031516,6.61E-05,451.98834,6729.8833,263.03412,0.004091413,0.19165337
830185_1_19ch0,220719,830185,830221,11:11.3,11:11.3,546.9752059,530.0943312,540.8326913,82900,2226.518036,4.758696864,ch0,0,0,0,2.076258375,0.44460255,452.15314,6729.3623,263.61365,0,0.096942514
830185_2_19ch0,220719,830185,830198,11:11.3,11:11.3,141.6208852,130.3840481,141.4213562,5900,322.7817459,1.40525797,ch0,0,0,0,2.453529704,0.44460255,452.15314,6729.3623,263.61365,0,0.096942514
1188953_1_19ch0,220719,1188953,1188964,15:08.6,15:08.6,130.0005523,120.8304597,130,2900,226.5685425,1.408611922,ch0,0,0,0,2.9941711,-0.32854366,463.52786,6538.0825,263.90796,0.015428569,0.017651306
1188953_2_19ch0,220719,1188953,1188968,15:08.6,15:08.6,202.5102183,215.4065923,228.4731932,19600,675.9188309,1.854911341,ch0,0,0,0,1.357914942,-0.32854366,463.52786,6538.0825,263.90796,0.015428569,0.017651306
1403973_1_19ch0,220719,1403973,1403987,20:03.6,20:03.6,188.0089444,178.0449381,192.0937271,16200,735.5634919,2.657758116,ch0,13,0,0,1.274688734,1.2434211,472.3631,6388.004,264.4714,0,0.29272678
1403973_2_19ch0,220719,1403973,1403984,20:03.6,20:03.6,108.5378942,110,120,3300,230.7106781,1.283546443,ch0,0,0,0,2.349983481,1.2434211,472.3631,6388.004,264.4714,0,0.29272678
14000_1_20ch0,220720,14000,14014,35:50.6,35:50.6,214.9318392,172.0465053,186.0107524,8500,523.8477631,2.569102299,ch0,0,0,0,2.517133664,-0.30816025,392.99344,7793.719,256.289,0.004555945,0.046033062
14000_5_20ch0,220720,14000,14026,35:50.6,35:50.6,263.8623118,288.444102,296.8164416,45600,1015.624458,1.800079125,ch0,0,19,0,1.08071894,-0.30816025,392.99344,7793.719,256.289,0.004555945,0.046033062
367051_1_20ch0,220720,367051,367084,40:59.8,40:59.8,626.5371278,636.9458376,646.2197769,112500,2148.233765,3.264379863,ch0,0,0,0,2.436519089,-2.6847816,352.44666,8610.611,251.001,0.000161093,0.17451775
367051_3_20ch0,220720,367051,367058,40:59.8,40:59.8,163.6112671,152.9705854,162.788206,4400,372.4264069,2.508524769,ch0,0,0,0,2.335740847,-2.6847816,352.44666,8610.611,251.001,0.000161093,0.17451775
568208_1_20ch0,220720,568208,568225,41:06.7,41:06.7,417.9293526,441.8144407,451.7742799,45400,1309.827561,3.007201517,ch0,0,0,0,2.669447583,-0.47199288,352.35294,8603.233,250.57713,0.05960513,0.43103302
568208_3_20ch0,220720,568208,568222,41:06.7,41:06.7,157.3702355,143.1782106,152.9705854,8500,429.7056275,1.728674767,ch0,0,14,0,2.012966641,-0.47199288,352.35294,8603.233,250.57713,0.05960513,0.43103302
728277_1_20ch0,220720,728277,728319,41:09.0,41:09.0,537.5607047,579.7413216,592.0304046,92300,2508.294731,5.424323305,ch0,0,0,0,1.269515286,0.71335065,352.68448,8601.603,250.51028,0,1.5812247
728277_2_20ch0,220720,728277,728290,41:09.0,41:09.0,201.0666066,201.246118,210.2379604,17100,623.1980515,1.807366379,ch0,0,4,0,1.748941166,0.71335065,352.68448,8601.603,250.51028,0,1.5812247
1003345_1_20ch0,220720,1003345,1003360,41:16.0,41:16.0,231.1680594,215.8703314,228.035085,22300,794.2640687,2.251205314,ch0,0,0,0,1.586790677,0.15008743,352.668,8596.316,250.90231,0,0.2877712
1003345_2_20ch0,220720,1003345,1003355,41:16.0,41:16.0,113.9359904,104.4030651,114.0175425,3800,242.4264069,1.230740207,ch0,0,0,0,2.624971696,0.15008743,352.668,8596.316,250.90231,0,0.2877712
1016899_1_20ch0,220720,1016899,1016909,41:16.5,41:16.5,101.5000769,100.4987562,110.4536102,3800,226.5685425,1.074993309,ch0,0,0,0,1.925728377,0.26495028,352.70404,8595.919,250.58342,0.037641834,0.22613941
1016899_2_20ch0,220720,1016899,1016911,41:16.5,41:16.5,179.5678157,180.2775638,194.1648784,16000,657.9898987,2.15332016,ch0,0,0,0,1.332238916,0.26495028,352.70404,8595.919,250.58342,0.037641834,0.22613941
1084989_1_20ch0,220720,1084989,1085000,41:18.0,41:18.0,140.7717059,117.0469991,134.1640786,3500,266.9238816,1.619932636,ch0,0,0,0,3.016085732,-0.17811881,352.7998,8596.436,250.37033,0.013303516,0.34047815
1084989_2_20ch0,220720,1084989,1085008,41:18.0,41:18.0,312.4868558,311.44823,321.4031736,40000,964.2640687,1.84978866,ch0,0,0,0,1.772204992,-0.17811881,352.7998,8596.436,250.37033,0.013303516,0.34047815
1154864_1_20ch0,220720,1154864,1154875,41:19.5,41:19.5,136.2755332,114.0175425,130.3840481,4500,333.492424,1.966751849,ch0,0,0,0,1.955565247,-0.7093752,352.70816,8597.584,250.48871,0.006444687,0.2351761
1154864_2_20ch0,220720,1154864,1154883,41:19.5,41:19.5,221.8455183,226.715681,236.0084744,28300,825.9797975,1.918414952,ch0,0,0,0,1.148888595,-0.7093752,352.70816,8597.584,250.48871,0.006444687,0.2351761
1271379_1_20ch0,220720,1271379,1271390,41:25.0,41:25.0,117.2968885,110.4536102,120.4159458,3700,287.2792206,1.774993797,ch0,0,0,0,2.029597279,-0.6525416,352.17792,8608.525,250.85281,0.019161172,0.12359617
1271379_2_20ch0,220720,1271379,1271395,41:25.0,41:25.0,314.5352688,300.8321791,313.8470965,29200,1171.543289,3.740450966,ch0,0,0,0,2.131448183,-0.6525416,352.17792,8608.525,250.85281,0.019161172,0.12359617
1336131_1_20ch0,220720,1336131,1336145,45:31.4,45:31.4,342.2161127,335.2610923,347.8505426,30500,1014.619408,2.685941981,ch0,0,0,0,2.731910776,-2.0839636,326.39716,9163.603,246.5128,0.032351337,0.15119475
1336131_2_20ch0,220720,1336131,1336140,45:31.4,45:31.4,127.986401,108.1665383,122.0655562,3700,273.137085,1.604537059,ch0,0,0,0,2.717124718,-2.0839636,326.39716,9163.603,246.5128,0.032351337,0.15119475
1515314_2_20ch0,220720,1515314,1515332,45:41.1,45:41.1,267.601083,243.3105012,254.9509757,23600,1307.106781,5.761031748,ch0,0,0,0,1.398055205,0.42521024,326.26947,9166.743,246.44398,0,0.061303623
1515314_3_20ch0,220720,1515314,1515325,45:41.1,45:41.1,129.8498926,120.8304597,130,3100,254.8528137,1.667275267,ch0,0,0,0,2.613319287,0.42521024,326.26947,9166.743,246.44398,0,0.061303623
1556579_1_20ch0,220720,1556579,1556613,03:17.7,03:17.7,499.9985674,499.2995093,507.740091,78200,2420.365799,5.96136067,ch0,0,0,0,1.67174495,-0.15480985,407.5325,7520.274,257.93588,1.13E-05,0.04687581
1556579_5_20ch0,220720,1556579,1556588,03:17.7,03:17.7,110.1190369,106.3014581,122.0655562,5500,318.6396103,1.469017505,ch0,0,7,0,1.517029548,-0.15480985,407.5325,7520.274,257.93588,1.13E-05,0.04687581
1589447_1_20ch0,220720,1589447,1589455,03:22.1,03:22.1,117.3352522,100,114.0175425,4400,273.137085,1.3492698,ch0,0,0,0,2.295939443,-0.16766202,407.7271,7515.736,258.02695,0,0.22394933
1589447_2_20ch0,220720,1589447,1589468,03:22.1,03:22.1,299.8142878,297.3213749,311.44823,33800,1111.543289,2.908882627,ch0,0,0,0,1.777586277,-0.16766202,407.7271,7515.736,258.02695,0,0.22394933
1595927_1_20ch0,220720,1595927,1595938,03:22.7,03:22.7,134.9470929,120.8304597,134.1640786,4700,296.9238816,1.492734384,ch0,0,0,0,2.560188011,-0.26975507,407.73843,7515.902,258.0358,0,0.16268484
1595927_2_20ch0,220720,1595927,1595953,03:22.7,03:22.7,413.4972481,386.3935817,398.1205847,47700,1536.751442,3.939843905,ch0,0,0,0,2.347697336,-0.26975507,407.73843,7515.902,258.0358,0,0.16268484
1605433_1_20ch0,220720,1605433,1605451,03:23.3,03:23.3,278.3011511,272.0294102,286.0069929,30100,805.2691193,1.714374627,ch0,12,0,0,1.82204793,-0.26975507,407.73843,7515.902,258.0358,0.005497098,0.18796568
1605433_2_20ch0,220720,1605433,1605442,03:23.3,03:23.3,131.5844369,108.1665383,122.0655562,3200,248.6396103,1.537378455,ch0,0,0,0,2.66628919,-0.26975507,407.73843,7515.902,258.0358,0.005497098,0.18796568
1627673_1_20ch0,220720,1627673,1627770,03:24.5,03:24.5,995.9827206,1011.33575,1021.567423,221400,4922.680733,8.70995396,ch0,0,70,0,2.487781452,-0.18200609,407.65503,7517.9053,257.95425,0.0148163,0.12949371
1627673_4_20ch0,220720,1627673,1627686,03:24.5,03:24.5,160.781605,158.113883,172.0465053,12700,548.3452378,1.884059297,ch0,0,2,0,1.316406582,-0.18200609,407.65503,7517.9053,257.95425,0.0148163,0.12949371
1637019_2_20ch0,220720,1637019,1637031,03:24.9,03:24.9,150.6888125,144.222051,158.113883,8600,531.7766953,2.61667802,ch0,0,0,0,1.231107434,-0.18200609,407.65503,7517.9053,257.95425,0.000491139,0.22062069
1637019_4_20ch0,220720,1637019,1637046,03:24.9,03:24.9,254.147236,278.9265136,291.2043956,39400,1260.1829,3.207458739,ch0,0,0,0,1.111284875,-0.18200609,407.65503,7517.9053,257.95425,0.000491139,0.22062069
1642254_1_20ch0,220720,1642254,1642273,03:25.2,03:25.2,228.2218147,194.1648784,206.1552813,7900,562.8427125,3.191075939,ch0,0,0,0,2.034832693,-0.18200609,407.65503,7517.9053,257.95425,0.022121152,0.16642135
1642254_2_20ch0,220720,1642254,1642275,03:25.2,03:25.2,288.3273071,299.6664813,308.7069808,44100,1318.467171,3.136824257,ch0,0,0,0,1.297103184,-0.18200609,407.65503,7517.9053,257.95425,0.022121152,0.16642135
1658626_1_20ch0,220720,1658626,1658639,03:26.0,03:26.0,146.2610576,131.5294644,143.1782106,5600,312.7817459,1.390224405,ch0,0,0,0,2.462394189,-0.22304305,407.58194,7519.623,257.8967,0.004214134,0.23544955
1658626_3_20ch0,220720,1658626,1658657,03:26.0,03:26.0,360.8339688,352.2782991,363.5931793,52200,1736.812409,4.598598142,ch0,0,0,0,1.487005295,-0.22304305,407.58194,7519.623,257.8967,0.004214134,0.23544955
1861831_1_20ch0,220720,1861831,1861867,03:37.9,03:37.9,411.9507062,452.2167622,462.7094121,88000,1745.09668,2.753889108,ch0,0,0,0,1.33069008,-0.008557806,406.60672,7538.045,257.83105,0,0.08295138
1861831_2_20ch0,220720,1861831,1861839,03:37.9,03:37.9,144.9363391,136.0147051,144.222051,4400,315.2081528,1.796934899,ch0,0,0,0,3.388995983,-0.008557806,406.60672,7538.045,257.83105,0,0.08295138
1874727_2_20ch0,220720,1874727,1874781,03:39.7,03:39.7,715.290453,771.621669,781.0889834,205800,3957.82792,6.057014051,ch0,0,0,0,1.582903921,0.10674808,406.5501,7538.069,257.78113,0.009545012,0.087212
1874727_4_20ch0,220720,1874727,1874738,03:39.7,03:39.7,128.7929441,117.0469991,126.4911064,4400,329.7056275,1.966030175,ch0,0,0,0,2.144586355,0.10674808,406.5501,7538.069,257.78113,0.009545012,0.087212
1957093_1_20ch0,220720,1957093,1957121,04:04.5,04:04.7,356.6733201,386.0051813,396.6106403,48900,1470.1829,3.517418235,ch0,0,9,0,1.513517116,-0.1808984,406.8796,7531.3877,258.2781,0,0.018755201
1957093_2_20ch0,220720,1957093,1957104,04:04.5,04:04.7,125.770417,120.8304597,134.1640786,6400,308.6396103,1.184441146,ch0,0,9,0,1.852150502,-0.1808984,406.8796,7531.3877,258.2781,0,0.018755201
2161939_1_20ch0,220720,2161939,2161948,33:33.9,33:33.9,143.0347408,143.1782106,155.241747,9000,445.5634919,1.755362532,ch0,0,0,0,1.581171585,-0.31238684,341.63474,8837.983,249.02925,0.032909244,0.89677036
2161939_2_20ch0,220720,2161939,2161962,33:33.9,33:33.9,283.5181385,302.654919,314.0063694,41900,1089.116882,2.252812739,ch0,0,0,0,1.361754708,-0.31238684,341.63474,8837.983,249.02925,0.032909244,0.89677036
2173288_1_20ch0,220720,2173288,2173302,33:34.1,33:34.1,255.5941278,257.0992026,269.2582404,20900,835.2691193,2.656419752,ch0,0,0,0,2.145528969,-0.31238684,341.63474,8837.983,249.02925,0.02715255,0.62895125
2173288_5_20ch0,220720,2173288,2173294,33:34.1,33:34.1,147.5345766,110.4536102,123.6931688,3400,306.5685425,2.199714903,ch0,0,0,0,2.175527763,-0.31238684,341.63474,8837.983,249.02925,0.02715255,0.62895125
2193286_1_20ch0,220720,2193286,2193297,33:34.4,33:34.4,149.0177638,136.0147051,148.6606875,10700,601.7766953,2.693252604,ch0,0,0,0,1.178150154,-0.31238684,341.63474,8837.983,249.02925,0.050760705,0.49533427
2193286_7_20ch0,220720,2193286,2193318,33:34.4,33:34.4,357.8247625,368.7817783,380.7886553,75100,1507.46212,2.407925327,ch0,0,0,0,1.271462954,-0.31238684,341.63474,8837.983,249.02925,0.050760705,0.49533427
2343989_1_20ch0,220720,2343989,2344025,33:36.3,33:36.3,425.7271426,427.2001873,435.6604182,84200,1592.964646,2.398227169,ch0,5,0,0,1.610669138,-3.3814383,341.73563,8838.799,249.02202,0.0440234,0.43976763
2343989_3_20ch0,220720,2343989,2344000,33:36.3,33:36.3,178.5163784,177.2004515,186.8154169,14200,494.5584412,1.370683009,ch0,0,0,0,1.697289287,-3.3814383,341.73563,8838.799,249.02202,0.0440234,0.43976763
2378502_1_20ch0,220720,2378502,2378516,33:36.8,33:36.8,161.268668,141.4213562,151.3274595,4200,315.2081528,1.882503227,ch0,0,0,0,3.197998232,-3.854809,341.67798,8837.806,248.86433,0.02238785,0.38638458
2378502_2_20ch0,220720,2378502,2378518,33:36.8,33:36.8,268.3292351,268.3281573,277.3084925,22400,824.2640687,2.413653117,ch0,0,0,0,1.748304252,-3.854809,341.67798,8837.806,248.86433,0.02238785,0.38638458
506362_1_23ch0,220723,506362,506368,00:33.4,00:33.4,133.6494952,108.1665383,116.6190379,3200,252.7817459,1.589028095,ch0,0,0,0,3.208903854,14.64253,486.2294,6136.451,266.56076,0.03211306,0.4176231
506362_2_23ch0,220723,506362,506377,00:33.4,00:33.4,229.0714089,225.6102835,235.3720459,19900,851.8376618,2.901688138,ch0,0,0,0,1.539609557,14.64253,486.2294,6136.451,266.56076,0.03211306,0.4176231
623640_5_23ch0,220723,623640,623649,00:38.3,00:38.3,105.0256892,108.1665383,116.6190379,5500,279.3502884,1.129082548,ch0,0,0,0,1.475753794,16.99597,486.319,6135.8784,266.4537,6.50E-05,0.3764184
623640_6_23ch0,220723,623640,623654,00:38.3,00:38.3,207.0470729,188.6796226,208.0865205,12000,652.8427125,2.826350452,ch0,0,0,0,2.024103484,16.99597,486.319,6135.8784,266.4537,6.50E-05,0.3764184
1234910_1_23ch0,220723,1234910,1234929,08:37.8,08:37.8,239.8745134,261.7250466,269.0724809,22000,966.9848481,3.382258472,ch0,18,0,0,1.375905919,25.059624,505.89426,5826.695,268.29187,0.015434481,0.5006366
1234910_4_23ch0,220723,1234910,1234922,08:37.8,08:37.8,142.5541691,121.6552506,131.5294644,3700,303.137085,1.976362259,ch0,0,0,0,2.790936428,25.059624,505.89426,5826.695,268.29187,0.015434481,0.5006366
1549760_1_23ch0,220723,1549760,1549779,12:52.4,12:52.4,214.2897273,196.468827,208.8061302,18500,628.7005769,1.700223933,ch0,15,0,0,1.707125755,10.75186,515.7535,5675.882,269.57288,0.007359407,0.2607888
1549760_2_23ch0,220723,1549760,1549772,12:52.4,12:52.4,119.3109605,120,130,4500,278.9949494,1.376481266,ch0,0,0,0,2.243416242,10.75186,515.7535,5675.882,269.57288,0.007359407,0.2607888
1768624_1_23ch0,220723,1768624,1768655,17:04.5,17:04.5,354.3840874,355.1056181,363.5931793,52400,1269.116882,2.44603176,ch0,0,0,0,1.735782898,-1.067603,528.83026,5476.711,270.78983,0.009242042,0.45107073
1768624_2_23ch0,220723,1768624,1768637,17:04.5,17:04.5,158.0354769,131.5294644,145.6021978,5500,338.9949494,1.66270002,ch0,0,0,0,3.059866477,-1.067603,528.83026,5476.711,270.78983,0.009242042,0.45107073
1877822_1_23ch0,220723,1877822,1877832,17:12.0,17:12.0,117.7774873,111.8033989,120.8304597,3400,258.9949494,1.569978876,ch0,0,0,0,2.624685934,-0.38862938,530.0311,5455.2056,270.1545,0.014982444,0.62380075
1877822_2_23ch0,220723,1877822,1877839,17:12.0,17:12.0,239.6609526,237.6972865,250,27800,906.3351365,2.351380834,ch0,0,0,0,1.389894003,-0.38862938,530.0311,5455.2056,270.1545,0.014982444,0.62380075
1911595_2_23ch0,220723,1911595,1911649,17:15.1,17:15.1,1334.239023,1237.94184,1249.519908,290300,4276.46753,5.013181841,ch0,0,14,0,3.103840664,-0.2088441,529.5275,5461.6865,270.23108,0.021307362,0.19952422
1911595_5_23ch0,220723,1911595,1911605,17:15.1,17:15.1,100.206683,100,110,2900,204.8528137,1.151531984,ch0,0,11,0,2.227223903,-0.2088441,529.5275,5461.6865,270.23108,0.021307362,0.19952422
1929542_1_23ch0,220723,1929542,1929550,17:16.7,17:16.7,121.8362815,106.3014581,114.0175425,3300,241.0660172,1.401355045,ch0,0,0,0,2.997111457,0.1737121,528.9714,5470.8564,270.3786,0.008302751,0.14066961
1929542_2_23ch0,220723,1929542,1929559,17:16.7,17:16.7,229.6957973,215.8703314,234.0939982,25400,944.9747468,2.797672184,ch0,0,0,0,1.264906295,0.1737121,528.9714,5470.8564,270.3786,0.008302751,0.14066961
1931800_1_23ch0,220723,1931800,1931812,17:16.9,17:16.9,158.0960127,144.222051,158.113883,5700,336.9238816,1.584816087,ch0,0,0,0,2.855199558,0.1737121,528.9714,5470.8564,270.3786,0.011025622,0.18244597
1931800_2_23ch0,220723,1931800,1931821,17:16.9,17:16.9,293.9318101,269.0724809,278.0287755,29600,1167.045815,3.66162813,ch0,0,0,0,1.658759426,0.1737121,528.9714,5470.8564,270.3786,0.011025622,0.18244597
568288_2_25ch0,220725,568288,568296,18:57.7,18:57.7,126.7908673,116.6190379,130.3840481,5600,349.3502884,1.734300388,ch0,0,0,0,1.979871043,-1.9555154,396.23196,7680.636,256.87604,0.06851016,0.35980892
568288_14_25ch0,220725,568288,568296,18:57.7,18:57.7,167.4309295,152.9705854,170.8800749,10800,429.7056275,1.360531067,ch0,0,0,0,1.963849931,-1.9555154,396.23196,7680.636,256.87604,0.06851016,0.35980892
632374_1_25ch0,220725,632374,632388,20:43.4,20:43.4,230.7185241,213.7755833,225.6102835,22300,907.6955262,2.940124106,ch0,0,0,0,1.566323293,-2.32096,395.40097,7698.2246,257.8288,0.02687591,0.20785707
632374_2_25ch0,220725,632374,632385,20:43.4,20:43.4,126.1371293,114.0175425,126.4911064,4500,275.2081528,1.339368908,ch0,0,0,0,2.484134356,-2.32096,395.40097,7698.2246,257.8288,0.02687591,0.20785707
711126_1_25ch0,220725,711126,711143,20:52.0,20:52.0,352.1745792,338.3784863,351.1409973,42900,1207.756493,2.705774537,ch0,0,0,0,1.99945531,-1.7227407,395.50085,7699.103,257.7593,0.022849558,0.08423863
711126_2_25ch0,220725,711126,711140,20:52.0,20:52.0,153.8611545,143.1782106,152.9705854,5000,321.0660172,1.640623065,ch0,0,0,0,3.012634591,-1.7227407,395.50085,7699.103,257.7593,0.022849558,0.08423863
756738_1_25ch0,220725,756738,756748,20:57.4,20:57.4,123.5882074,128.0624847,142.126704,6900,347.2792206,1.390908758,ch0,7,0,0,1.58839681,-1.6805282,395.3433,7700.1353,257.9705,0.003518454,0.10554574
756738_4_25ch0,220725,756738,756760,20:57.4,20:57.4,231.6851172,250,260.7680962,30200,825.9797975,1.797719972,ch0,0,0,0,1.325504504,-1.6805282,395.3433,7700.1353,257.9705,0.003518454,0.10554574
779809_1_25ch0,220725,779809,779832,21:00.0,21:00.0,339.5464671,344.818793,354.4009029,51400,1159.472222,2.081362443,ch0,7,0,0,1.654349858,-2.13709,395.33713,7701.7573,258.05826,0,0.0794605
779809_3_25ch0,220725,779809,779816,21:00.0,21:00.0,120.0670101,108.1665383,122.0655562,3800,255.5634919,1.367741946,ch0,0,0,0,2.842296783,-2.13709,395.33713,7701.7573,258.05826,0,0.0794605
786934_1_25ch0,220725,786934,786947,21:01.2,21:01.2,172.2217713,143.1782106,156.5247584,4200,272.7817459,1.409845281,ch0,0,0,0,3.900416361,-2.3152,395.5091,7700.909,257.96588,0,0.09645282
786934_3_25ch0,220725,786934,786956,21:01.2,21:01.2,286.1319472,317.6476035,326.4965543,29800,1137.401154,3.454627301,ch0,0,0,0,1.487363653,-2.3152,395.5091,7700.909,257.96588,0,0.09645282
832947_1_25ch0,220725,832947,832993,21:07.5,21:07.5,648.4351863,635.6099433,644.7480128,136200,3653.563851,7.799134888,ch0,0,44,0,1.645815813,-2.026036,396.0013,7686.0933,257.85144,0.004015398,0.09571384
832947_3_25ch0,220725,832947,832955,21:07.5,21:07.5,130.681135,100,120.4159458,3600,267.2792206,1.579130521,ch0,0,0,0,3.157835054,-2.026036,396.0013,7686.0933,257.85144,0.004015398,0.09571384
867221_2_25ch0,220725,867221,867233,21:16.3,21:16.3,172.7133237,144.222051,158.113883,3500,274.4974747,1.713163443,ch0,0,0,0,3.542902523,-1.8253608,396.57178,7677.226,257.96457,0.002276515,0.03325189
867221_3_25ch0,220725,867221,867239,21:16.3,21:16.3,305.414137,303.644529,315.7530681,36000,1021.18795,2.305148978,ch0,0,0,0,1.911911819,-1.8253608,396.57178,7677.226,257.96457,0.002276515,0.03325189
1201988_1_25ch0,220725,1201988,1202009,25:50.0,25:50.0,277.0447075,215.8703314,225.6102835,4400,407.2792206,3.000004909,ch0,0,0,0,3.245147121,-1.9039223,356.58783,8473.768,252.68929,0.015196937,0.23326357
1201988_2_25ch0,220725,1201988,1202008,25:50.0,25:50.0,343.3999388,343.6568055,353.5533906,52000,1059.827561,1.718926118,ch0,0,0,0,1.733835456,-1.9039223,356.58783,8473.768,252.68929,0.015196937,0.23326357
1203352_1_25ch0,220725,1203352,1203361,25:50.0,25:50.0,126.5813486,100,116.6190379,3000,234.4974747,1.458630269,ch0,0,0,0,3.162507328,-1.9039223,356.58783,8473.768,252.68929,0.012589383,0.29262584
1203352_2_25ch0,220725,1203352,1203367,25:50.0,25:50.0,205.621179,205.9126028,214.7091055,17700,802.8427125,2.897862726,ch0,0,0,0,1.335335151,-1.9039223,356.58783,8473.768,252.68929,0.012589383,0.29262584
1229138_1_25ch0,220725,1229138,1229145,25:51.0,25:51.0,151.2230981,120.8304597,138.9244399,4000,277.2792206,1.529553929,ch0,0,0,0,3.749567165,-1.5077727,356.65063,8472.819,252.70132,0.001123358,0.34225285
1229138_2_25ch0,220725,1229138,1229152,25:51.0,25:51.0,236.9098141,225.6102835,237.6972865,19600,872.1930009,3.088582875,ch0,0,0,0,1.635323666,-1.5077727,356.65063,8472.819,252.70132,0.001123358,0.34225285
1319552_1_25ch0,220725,1319552,1319560,25:54.4,25:54.4,123.2687712,100,120.4159458,4800,327.2792206,1.775766109,ch0,0,0,0,2.096362861,-1.0862921,356.82156,8468.344,252.39249,0.008720556,0.3785112
1319552_2_25ch0,220725,1319552,1319567,25:54.4,25:54.4,287.4921296,284.4292531,296.1418579,32600,855.2691193,1.785575091,ch0,0,0,0,1.901593438,-1.0862921,356.82156,8468.344,252.39249,0.008720556,0.3785112
1401572_1_25ch0,220725,1401572,1401583,25:58.1,25:58.1,145.4381712,110.4536102,123.6931688,4100,288.2842712,1.613051284,ch0,0,0,0,3.614616486,-1.312883,356.93173,8467.608,252.53406,0.003590079,0.23273465
1401572_2_25ch0,220725,1401572,1401586,25:58.1,25:58.1,220.1699227,199.2485885,211.896201,19900,829.411255,2.750913333,ch0,0,0,0,1.447678857,-1.312883,356.93173,8467.608,252.53406,0.003590079,0.23273465
1407561_1_25ch0,220725,1407561,1407574,25:58.4,25:58.4,131.4888259,130,140,4300,293.137085,1.590241966,ch0,0,0,0,2.815747007,-1.312883,356.93173,8467.608,252.53406,0.004402068,0.27160865
1407561_2_25ch0,220725,1407561,1407576,25:58.4,25:58.4,222.5621974,225.6102835,237.6972865,22700,777.3401872,2.118295384,ch0,0,0,0,1.463916121,-1.312883,356.93173,8467.608,252.53406,0.004402068,0.27160865
1432971_2_25ch0,220725,1432971,1432981,25:59.8,25:59.8,127.6340735,120.4159458,128.0624847,5000,331.7766953,1.751910379,ch0,0,0,0,1.890341426,-1.307177,356.803,8468.872,252.45473,0.039673213,0.15597373
1432971_4_25ch0,220725,1432971,1433004,25:59.8,25:59.8,327.1091881,347.8505426,360.5551275,52000,1586.101731,3.84989487,ch0,0,0,0,1.317715963,-1.307177,356.803,8468.872,252.45473,0.039673213,0.15597373
1508385_1_25ch0,220725,1508385,1508391,26:04.8,26:04.8,102.236932,100,108.1665383,4700,288.6396103,1.410600837,ch0,0,0,0,1.414041795,-1.6744783,356.5085,8473.882,252.48274,0.006362873,0.19033603
1508385_3_25ch0,220725,1508385,1508410,26:04.8,26:04.8,233.739224,257.0992026,266.8332813,25900,782.1930009,1.879828471,ch0,0,0,0,1.527994305,-1.6744783,356.5085,8473.882,252.48274,0.006362873,0.19033603
1519485_1_25ch0,220725,1519485,1519497,29:43.4,29:43.4,151.9452851,126.4911064,143.1782106,6400,399.3502884,1.982979237,ch0,0,0,0,1.948561166,-1.5740112,364.7313,8303.642,254.70657,0.001040572,0.000434843
1519485_2_25ch0,220725,1519485,1519534,29:43.4,29:43.4,495.1097983,572.8001397,594.6427499,121800,2802.142495,5.130069871,ch0,0,0,0,1.263720558,-1.5740112,364.7313,8303.642,254.70657,0.001040572,0.000434843
1544265_1_25ch0,220725,1544265,1544293,29:49.2,29:49.2,477.7681853,463.2493929,475.394573,93900,1775.746391,2.672307468,ch0,18,0,0,1.751892978,-3.173007,365.04535,8296.081,254.38737,0.017904783,0.22520372
1544265_2_25ch0,220725,1544265,1544272,29:49.2,29:49.2,193.5050702,152.3154621,165.5294536,4200,286.5685425,1.555958019,ch0,0,0,0,3.928615793,-3.173007,365.04535,8296.081,254.38737,0.017904783,0.22520372
1576831_1_25ch0,220725,1576831,1576841,29:50.8,29:50.8,104.2053753,100.4987562,110.4536102,3000,216.5685425,1.244112429,ch0,0,0,0,2.364023358,-2.4709218,365.1576,8295.733,254.18683,0.008205369,0.11260403
1576831_2_25ch0,220725,1576831,1576846,29:50.8,29:50.8,243.9564778,237.6972865,247.3863375,24500,877.3401872,2.500115644,ch0,0,0,0,1.666249635,-2.4709218,365.1576,8295.733,254.18683,0.008205369,0.11260403
1647129_1_25ch0,220725,1647129,1647141,29:54.7,29:54.7,293.5703098,284.4292531,296.1418579,27200,753.5533906,1.66130468,ch0,0,0,0,2.393980733,-0.8986444,364.96402,8298.867,253.95163,0.011912326,0.34333417
1647129_2_25ch0,220725,1647129,1647140,29:54.7,29:54.7,139.2498965,111.8033989,123.6931688,4200,324.8528137,1.999466403,ch0,0,0,0,1.976576604,-0.8986444,364.96402,8298.867,253.95163,0.011912326,0.34333417
1682658_1_25ch0,220725,1682658,1682668,29:56.9,29:56.9,150.5656368,116.6190379,130.3840481,2300,232.0710678,1.863392319,ch0,0,0,0,3.308527796,-0.7459724,364.756,8303.15,253.99191,0,0.19315445
1682658_2_25ch0,220725,1682658,1682667,29:56.9,29:56.9,175.9059039,152.9705854,170.8800749,10500,606.27417,2.785729661,ch0,0,0,0,1.941610235,-0.7459724,364.756,8303.15,253.99191,0,0.19315445
1785278_1_25ch0,220725,1785278,1785288,30:02.4,30:02.4,134.1847098,116.6190379,125.2996409,3400,260.3553391,1.586515046,ch0,0,0,0,3.018268374,-1.1928675,364.22473,8315.414,253.81519,0.040982574,0.26071292
1785278_2_25ch0,220725,1785278,1785293,30:02.4,30:02.4,232.1253568,225.6102835,235.3720459,22200,1030.477272,3.806396249,ch0,0,0,0,1.447012688,-1.1928675,364.22473,8315.414,253.81519,0.040982574,0.26071292
1846234_1_25ch0,220725,1846234,1846257,30:07.2,30:07.2,437.1817413,425.7933771,439.3176527,70700,2033.025612,4.652179059,ch0,0,0,0,1.787511416,-1.3555856,364.08673,8319.601,254.10876,0,0.2651165
1846234_4_25ch0,220725,1846234,1846252,30:07.2,30:07.2,176.4225915,181.1077028,191.0497317,7700,509.7056275,2.684962768,ch0,0,0,0,2.205622885,-1.3555856,364.08673,8319.601,254.10876,0,0.2651165
1889207_1_25ch0,220725,1889207,1889221,30:20.7,30:20.7,261.5078512,236.0084744,244.1311123,7500,530.4163056,2.985125575,ch0,0,0,0,5.05110529,-1.4729644,364.78073,8302.92,254.1681,0,0.004624765
1889207_2_25ch0,220725,1889207,1889234,30:20.7,30:20.7,338.7693594,338.3784863,349.2849839,49700,1355.035713,2.93991809,ch0,0,0,0,1.591974526,-1.4729644,364.78073,8302.92,254.1681,0,0.004624765
1900144_1_25ch0,220725,1900144,1900150,33:52.1,33:52.1,187.2515806,180,191.0497317,8300,454.8528137,1.983598699,ch0,0,0,0,2.553512742,-1.1174761,372.63715,8143.963,255.55489,0.00415618,0.003569891
1900144_2_25ch0,220725,1900144,1900159,33:52.1,33:52.1,194.2032727,196.468827,208.8061302,22400,604.5584412,1.298430464,ch0,0,0,0,1.284254095,-1.1174761,372.63715,8143.963,255.55489,0.00415618,0.003569891
2038653_1_25ch0,220725,2038653,2038659,34:00.3,34:00.3,101.8348712,100,108.1665383,5000,250.7106781,1.000381829,ch0,0,0,0,1.613854906,-0.84103525,372.9275,8140.524,254.88393,0,0.41344368
2038653_3_25ch0,220725,2038653,2038671,34:00.3,34:00.3,262.9881288,257.0992026,266.8332813,27100,895.9797975,2.357313155,ch0,0,0,0,1.626575834,-0.84103525,372.9275,8140.524,254.88393,0,0.41344368
2090872_1_25ch0,220725,2090872,2090881,34:02.7,34:02.7,115.8153943,102.9563014,116.6190379,4200,253.137085,1.214094229,ch0,0,0,0,2.477664621,0.19749708,373.1499,8139.013,254.77261,0.0024029,0.37071663
2090872_2_25ch0,220725,2090872,2090885,34:02.7,34:02.7,176.2650312,167.6305461,183.8477631,16300,676.9848481,2.237486527,ch0,0,0,0,1.267823967,0.19749708,373.1499,8139.013,254.77261,0.0024029,0.37071663
2161634_2_25ch0,220725,2161634,2161664,34:06.7,34:06.7,603.7551038,606.3827174,618.4658438,118700,2250.660172,3.395934212,ch0,0,0,0,2.187780448,-0.9089578,372.94913,8138.142,254.78601,0.010966095,0.38311905
2161634_3_25ch0,220725,2161634,2161642,34:06.7,34:06.7,108.8540559,100,108.1665383,3100,224.8528137,1.297851775,ch0,0,0,0,2.528627712,-0.9089578,372.94913,8138.142,254.78601,0.010966095,0.38311905
2200593_1_25ch0,220725,2200593,2200605,34:08.4,34:08.4,267.344615,262.488095,275.1363298,23700,1027.695526,3.546261212,ch0,6,0,0,1.742704953,-1.179303,372.88733,8138.9106,254.5704,0.000486054,0.3034746
2200593_3_25ch0,220725,2200593,2200604,34:08.4,34:08.4,114.056822,110.4536102,120.4159458,2700,218.2842712,1.404336741,ch0,0,0,0,2.49678992,-1.179303,372.88733,8138.9106,254.5704,0.000486054,0.3034746
2327398_1_25ch0,220725,2327398,2327416,37:49.3,37:49.3,216.7327879,184.3908891,194.1648784,5500,405.2081528,2.375657324,ch0,0,0,0,3.061769821,-0.3829311,380.9097,7979.306,256.33566,0.012776672,0.2976867
2327398_2_25ch0,220725,2327398,2327420,37:49.3,37:49.3,255.9741988,266.2705391,277.8488798,40600,812.8427125,1.295021967,ch0,0,20,0,1.205928819,-0.3829311,380.9097,7979.306,256.33566,0.012776672,0.2976867
2369626_1_25ch0,220725,2369626,2369643,37:51.4,37:51.4,418.8665975,412.3105626,422.0189569,47000,1516.751442,3.895122415,ch0,10,0,0,2.598461937,0.025924658,381.10223,7976.617,256.02206,0.002516205,0.38056397
2369626_3_25ch0,220725,2369626,2369641,37:51.4,37:51.4,189.5038656,155.241747,167.6305461,8400,493.8477631,2.310452433,ch0,0,0,0,1.846830759,0.025924658,381.10223,7976.617,256.02206,0.002516205,0.38056397
139555_1_27ch0,220727,139555,139561,26:51.1,26:51.1,112.2815628,111.8033989,120.8304597,4300,271.4213562,1.363357379,ch0,2,0,0,1.875282173,-6.1277795,416.1023,7307.7627,256.9017,1.3028923,0
139555_2_27ch0,220727,139555,139579,26:51.1,26:51.1,329.4401507,344.818793,358.4689666,50900,1099.116882,1.888687522,ch0,0,0,0,1.554738766,-6.1277795,416.1023,7307.7627,256.9017,1.3028923,0
470029_1_30ch0,220730,470029,470045,15:19.6,15:19.6,178.7092313,161.5549442,174.642492,13300,668.7005769,2.67548112,ch0,0,0,0,1.361879467,2.5947275,461.85126,6520.46,261.59784,0.37341785,0.3449258
470029_2_30ch0,220730,470029,470037,15:19.6,15:19.6,112.1840986,100,108.1665383,2400,216.5685425,1.555140536,ch0,0,0,0,2.617475378,2.5947275,461.85126,6520.46,261.59784,0.37341785,0.3449258
615928_1_30ch0,220730,615928,615964,15:27.3,15:27.3,323.9129419,364.9657518,376.5634077,30400,1091.126984,3.116500095,ch0,36,0,0,2.029298494,-0.7353861,462.56702,6509.4463,261.89328,0.083588794,0.4641353
615928_4_30ch0,220730,615928,615933,15:27.3,15:27.3,124.4820101,104.4030651,114.0175425,4000,268.6396103,1.435721626,ch0,0,0,0,2.357449297,-0.7353861,462.56702,6509.4463,261.89328,0.083588794,0.4641353
83694_1_01ch0,220801,83694,83825,39:30.5,39:31.7,1217.716783,1343.9122,1353.661701,170800,3135.269119,4.579857016,ch0,132,0,0,5.126523446,-19.729218,487.25003,6117.0405,266.17593,0.000156749,5.40E-06
83694_5_01ch0,220801,83694,83715,39:30.5,39:31.7,237.4149191,215.8703314,225.6102835,7100,504.4974747,2.852658477,ch0,0,0,0,5.141319809,-19.729218,487.25003,6117.0405,266.17593,0.000156749,5.40E-06
83694_6_01ch0,220801,83694,83711,39:30.5,39:31.7,178.6735844,174.642492,184.3908891,8300,384.4974747,1.417421536,ch0,0,0,0,2.707547304,-19.729218,487.25003,6117.0405,266.17593,0.000156749,5.40E-06
311709_1_01ch0,220801,311709,311721,36:35.2,36:35.2,151.2073083,123.6931688,139.2838828,4500,298.9949494,1.580903375,ch0,0,0,0,3.311232991,-6.450052,481.97186,6200.898,266.4915,0.05538163,0.013245979
311709_2_01ch0,220801,311709,311724,36:35.2,36:35.2,202.8071876,210.9502311,219.544984,19500,708.3452378,2.047601701,ch0,0,0,0,1.249936961,-6.450052,481.97186,6200.898,266.4915,0.05538163,0.013245979
323242_1_01ch0,220801,323242,323253,39:19.0,39:19.0,137.3074532,111.8033989,123.6931688,4200,274.1421356,1.423942423,ch0,0,0,0,3.414159728,-3.7289248,484.50436,6170.448,266.40186,0.1786465,0.16842365
323242_2_01ch0,220801,323242,323257,39:19.0,39:19.0,212.7361316,218.4032967,228.035085,23100,771.8376618,2.052249169,ch0,0,0,0,1.378863493,-3.7289248,484.50436,6170.448,266.40186,0.1786465,0.16842365
284059_1_02ch0,220802,284059,284069,19:07.4,19:07.4,116.7010288,111.8033989,120.8304597,3400,251.0660172,1.475322905,ch0,0,0,0,2.876537829,1.5410974,497.68182,5953.9053,266.86133,0,0.2388405
284059_3_02ch0,220802,284059,284075,19:07.4,19:07.4,237.7648226,234.0939982,250.7987241,28800,996.9848481,2.746469398,ch0,0,0,0,1.29780083,1.5410974,497.68182,5953.9053,266.86133,0,0.2388405
745_1_07ch0,220807,745,753,06:46.9,06:47.9,458.8519985,496.4876635,506.359556,18800,998.9949494,4.224340061,ch0,7,0,0,5.898982123,-0.17827289,544.39636,5227.8877,270.67935,,
31017_1_07ch0,220807,31017,31046,08:12.9,08:13.9,343.8223451,363.4556369,374.8332963,71600,1163.969696,1.505776313,ch0,0,0,0,1.260841822,0.21551466,513.46606,5690.9062,268.32007,0.000728571,0.000104599
31047_6_07ch0,220807,31047,31053,08:13.9,08:14.9,137.9378316,111.8033989,125.2996409,3900,285.2081528,1.659775695,ch0,0,0,0,3.124615501,0.18785973,513.1108,5696.341,268.29056,0.001021589,0.002099685
206257_1_07ch0,220807,206257,206267,30:39.2,30:39.2,121.9898144,107.7032961,117.0469991,3800,250.3553391,1.312563292,ch0,0,0,0,2.795637714,-8.018073,389.3935,7824.7656,254.59317,0.2718341,0.27939293
206257_2_07ch0,220807,206257,206274,30:39.2,30:39.2,235.5044564,246.9817807,256.3201124,22000,913.2590181,3.016861647,ch0,0,0,0,1.455324251,-8.018073,389.3935,7824.7656,254.59317,0.2718341,0.27939293
385927_1_07ch0,220807,385927,385937,39:42.8,39:42.8,143.9240581,128.0624847,136.0147051,4100,305.2081528,1.808000474,ch0,0,0,0,3.410324555,-6.358562,463.57626,6490.764,261.7204,0.016629945,0.23888847
385927_2_07ch0,220807,385927,385944,39:42.8,39:42.8,247.9436919,256.3201124,265.7066051,28300,1030.121933,2.983877356,ch0,0,0,0,1.336962105,-6.358562,463.57626,6490.764,261.7204,0.016629945,0.23888847
745_2_07ch0_!,220807,745,756,03:02.5,04:46.0,141.8947725,120.8304597,134.1640786,5600,310.7106781,1.371874762,ch0,0,0,0,2.624983564,1.4214865,597.9019,4489.8813,275.05023,0.004382281,0.000105657
31017_2_07ch0,220807,31017,31030,19:30.1,19:42.1,137.8819366,139.2838828,148.6606875,5800,304.8528137,1.275095045,ch0,0,0,0,2.513988285,-1.765876,428.9892,7081.1523,260.85394,0.000325291,1.32E-05
31047_1_07ch0_!,220807,31047,31131,20:13.1,20:13.1,764.4230316,842.9116205,852.8774824,111300,2586.335137,4.782605638,ch0,35,0,0,3.61197134,-6.717373,414.72858,7335.0337,259.47507,0,6.80E-05
264735_1_08ch0,220808,264735,264749,15:46.0,15:46.0,173.7727362,145.6021978,158.113883,4900,350.3553391,1.993478408,ch0,0,0,0,3.515931341,0.42438525,468.44034,6409.047,263.04486,0.074349575,0.49195683
264735_2_08ch0,220808,264735,264753,15:46.0,15:46.0,256.0787531,250.7987241,262.488095,32600,951.8376618,2.211557856,ch0,0,0,0,1.354067612,0.42438525,468.44034,6409.047,263.04486,0.074349575,0.49195683
153954_2_19ch1,220719,153954,153982,53:37.5,53:37.5,498.1932441,521.5361924,530,58800,1572.314934,3.34573769,ch1,0,0,0,2.810788148,1.5835115,398.98138,7685.955,257.16913,0.020427119,0.0692924
153954_9_19ch1,220719,153954,153961,53:37.5,53:37.5,121.3623831,104.4030651,117.0469991,5700,341.4213562,1.62740875,ch1,0,0,0,1.611616964,1.5835115,398.98138,7685.955,257.16913,0.020427119,0.0692924
290352_4_19ch1,220719,290352,290380,56:52.8,56:52.8,284.1835666,308.8689042,317.6476035,51700,1264.974747,2.462993718,ch1,0,0,0,1.107135952,-4.985722,389.18448,7879.0195,255.54483,0.28011084,0.35445017
290352_5_19ch1,220719,290352,290362,56:52.8,56:52.8,139.796055,108.1665383,130.3840481,3800,256.5685425,1.378520896,ch1,0,0,0,2.723121391,-4.985722,389.18448,7879.0195,255.54483,0.28011084,0.35445017
728867_1_19ch1,220719,728867,728874,10:57.7,10:57.7,148.0619249,125.2996409,138.9244399,4000,278.6396103,1.544599368,ch1,0,0,0,3.493089147,1.1278749,452.72675,6716.0493,261.79123,0.052087083,0.3445495
728867_4_19ch1,220719,728867,728884,10:57.7,10:57.7,193.3164604,191.0497317,200,18800,1004.619408,4.272041023,ch1,0,0,0,1.203196916,1.1278749,452.72675,6716.0493,261.79123,0.052087083,0.3445495
1569592_3_19ch1,220719,1569592,1569601,20:21.5,20:21.5,152.9805773,114.0175425,134.5362405,4300,328.9949494,2.003088521,ch1,0,0,0,2.772329606,-0.3792111,472.09122,6392.6685,264.62817,0.003646298,0.15636903
1569592_4_19ch1,220719,1569592,1569604,20:21.5,20:21.5,143.408428,126.4911064,143.1782106,4400,346.5685425,2.172279678,ch1,0,0,0,2.56099722,-0.3792111,472.09122,6392.6685,264.62817,0.003646298,0.15636903
2280411_1_19ch1,220719,2280411,2280426,29:32.6,29:32.6,262.9517756,260.7680962,270.7397274,24400,863.2590181,2.430426867,ch1,0,0,0,1.82231003,-1.4624221,514.8719,5712.527,269.1051,0.013842151,0.09068976
2280411_2_19ch1,220719,2280411,2280422,29:32.6,29:32.6,137.7273025,117.0469991,126.4911064,3900,281.4213562,1.615993585,ch1,0,0,0,2.865700014,-1.4624221,514.8719,5712.527,269.1051,0.013842151,0.09068976
266793_1_20ch1,220720,266793,266813,36:25.2,36:25.2,252.6052737,264.7640459,274.5906044,32800,1062.903679,2.740968931,ch1,0,0,0,1.277989722,0.76854104,393.6113,7780.3345,255.73953,0.87289274,0.25470483
266793_2_20ch1,220720,266793,266801,36:25.2,36:25.2,113.3196025,100,108.1665383,2800,218.6396103,1.358594318,ch1,0,0,0,2.721185955,0.76854104,393.6113,7780.3345,255.73953,0.87289274,0.25470483
429550_1_20ch1,220720,429550,429562,41:03.4,41:03.4,185.6301069,174.642492,186.8154169,12700,542.8427125,1.846436765,ch1,0,0,0,1.971559265,-1.7316608,352.3138,8607.017,251.17976,0.018588966,0.06915232
429550_4_20ch1,220720,429550,429574,41:03.4,41:03.4,393.8399944,389.4868419,398.246155,60200,1301.898628,2.240515659,ch1,0,13,0,1.76451324,-1.7316608,352.3138,8607.017,251.17976,0.018588966,0.06915232
509240_1_20ch1,220720,509240,509249,41:05.7,41:05.7,139.4043597,120.4159458,128.0624847,5200,321.0660172,1.577522178,ch1,0,0,0,2.353132178,-1.2970389,352.4147,8603.717,250.6569,0.04190348,0.4239956
509240_2_20ch1,220720,509240,509252,41:05.7,41:05.7,152.1101944,130.3840481,152.6433752,5800,367.6345597,1.854363216,ch1,0,0,0,1.845292368,-1.2970389,352.4147,8603.717,250.6569,0.04190348,0.4239956
1087719_1_20ch1,220720,1087719,1087726,41:17.7,41:17.7,160.4754801,139.2838828,148.6606875,4600,341.4213562,2.016571712,ch1,0,0,0,2.778526054,-0.17811881,352.7998,8596.436,250.37033,0.011066914,0.26025584
1087719_5_20ch1,220720,1087719,1087733,41:17.7,41:17.7,209.8999402,211.896201,221.3594362,23000,704.5584412,1.717498415,ch1,0,0,0,1.426057268,-0.17811881,352.7998,8596.436,250.37033,0.011066914,0.26025584
1157583_1_20ch1,220720,1157583,1157612,41:19.2,41:19.2,297.1135728,298.3286778,316.227766,27800,965.6244584,2.669081623,ch1,24,0,0,2.031087425,-0.7093752,352.70816,8597.584,250.48871,0.08600627,0.19406489
1157583_2_20ch1,220720,1157583,1157591,41:19.2,41:19.2,128.1192,120.8304597,130,5200,323.137085,1.597939742,ch1,0,0,0,1.850902574,-0.7093752,352.70816,8597.584,250.48871,0.08600627,0.19406489
1364814_4_20ch1,220720,1364814,1364896,45:31.7,45:31.7,908.8567694,834.8652586,847.7027781,184200,3325.573952,4.777863409,ch1,0,54,0,2.816756966,-2.1839988,326.45892,9162.154,246.3124,0.003394231,0.093614236
1364814_5_20ch1,220720,1364814,1364826,45:31.7,45:31.7,140.696768,123.6931688,136.0147051,3500,290.3553391,1.91682173,ch1,0,0,0,2.922902342,-2.1839988,326.45892,9162.154,246.3124,0.003394231,0.093614236
1376979_1_20ch1,220720,1376979,1377008,45:32.2,45:32.2,571.8110471,570.7013229,580.5170109,81200,1785.09668,3.122896502,ch1,0,0,0,2.929491758,-2.1839988,326.45892,9162.154,246.3124,0.015341519,0.07856636
1376979_4_20ch1,220720,1376979,1376987,45:32.2,45:32.2,121.2803875,113.137085,120.4159458,3600,248.9949494,1.370467406,ch1,0,0,0,2.788016442,-2.1839988,326.45892,9162.154,246.3124,0.015341519,0.07856636
1541107_2_20ch1,220720,1541107,1541119,45:43.6,45:43.6,170.9718414,130,152.6433752,4400,325.2081528,1.91275924,ch1,0,0,0,4.027033994,0.9949315,325.99664,9172.365,246.1518,0.030312363,0.044273183
1541107_3_20ch1,220720,1541107,1541120,45:43.6,45:43.6,263.1521303,250,265.7066051,25200,692.4873734,1.51430485,ch1,0,0,0,2.058320278,0.9949315,325.99664,9172.365,246.1518,0.030312363,0.044273183
1766183_1_20ch1,220720,1766183,1766205,03:30.0,03:30.0,241.0174287,264.0075756,274.5906044,28900,873.9087297,2.102928217,ch1,0,0,0,1.229380474,-0.24970482,407.12473,7528.4165,257.7169,0.00214419,0.2661752
1766183_3_20ch1,220720,1766183,1766194,03:30.0,03:30.0,119.8692586,111.8033989,121.6552506,4300,303.137085,1.700590781,ch1,0,0,0,2.194726646,-0.24970482,407.12473,7528.4165,257.7169,0.00214419,0.2661752
1891378_1_20ch1,220720,1891378,1891403,03:39.3,03:39.3,542.3645558,536.0037313,549.1812087,85100,2429.299782,5.518522255,ch1,0,0,0,2.239205903,0.058571417,406.57687,7538.1567,257.81723,0.002570085,0.10562878
1891378_5_20ch1,220720,1891378,1891381,03:39.3,03:39.3,147.5919016,141.4213562,152.9705854,3900,300.7106781,1.845114106,ch1,0,0,0,3.548884605,0.058571417,406.57687,7538.1567,257.81723,0.002570085,0.10562878
1955102_1_20ch1,220720,1955102,1955145,03:56.2,03:56.2,481.2030439,517.3973328,524.9761899,80500,2514.507935,6.250291559,ch1,0,10,0,1.905586497,-0.06096232,407.24106,7524.3555,257.91318,0.00063546,0.1108676
1955102_16_20ch1,220720,1955102,1955116,03:56.2,03:56.2,195.6663195,166.4331698,180.2775638,4600,371.4213562,2.386525325,ch1,0,4,0,4.004330351,-0.06096232,407.24106,7524.3555,257.91318,0.00063546,0.1108676
2069528_1_20ch1,220720,2069528,2069550,33:32.5,33:32.5,257.3038411,287.923601,297.3213749,37700,990.8326112,2.072284458,ch1,0,0,0,1.272274716,-0.7156885,341.59354,8836.83,249.29927,0.032835923,0.41680473
2069528_2_20ch1,220720,2069528,2069537,33:32.5,33:32.5,128.0892629,120.4159458,134.5362405,7200,331.0660172,1.211397988,ch1,0,0,0,1.68906534,-0.7156885,341.59354,8836.83,249.29927,0.032835923,0.41680473
2258301_1_20ch1,220720,2258301,2258316,33:34.9,33:34.9,159.663084,162.788206,170.2938637,11200,501.7766953,1.788928929,ch1,16,0,0,1.39463414,-2.3201106,341.6687,8838.904,249.03835,0.054291293,0.7126988
2258301_4_20ch1,220720,2258301,2258336,33:34.9,33:34.9,485.3520374,460.6517123,470.1063709,57600,1695.035713,3.969404507,ch1,0,0,0,2.586652311,-2.3201106,341.6687,8838.904,249.03835,0.054291293,0.7126988
2267151_1_20ch1,220720,2267151,2267159,33:35.0,33:35.0,158.1937262,143.1782106,161.245155,7700,437.6345597,1.979350167,ch1,0,0,0,2.277524624,-2.3201106,341.6687,8838.904,249.03835,0.022453256,0.7203989
2267151_4_20ch1,220720,2267151,2267170,33:35.0,33:35.0,277.1207486,287.923601,297.3213749,35600,846.6904756,1.602468447,ch1,0,0,0,1.616657526,-2.3201106,341.6687,8838.904,249.03835,0.022453256,0.7203989
2526440_1_20ch1,220720,2526440,2526458,47:24.0,47:24.3,216.4650468,194.1648784,206.1552813,19600,910.1219331,3.363049238,ch1,0,0,0,1.176216883,-3.8704503,439.136,6959.9697,261.09195,0.13148855,0.008531911
2526440_2_20ch1,220720,2526440,2526450,47:24.0,47:24.3,127.2284634,122.0655562,130.3840481,3600,261.0660172,1.506566556,ch1,0,0,0,3.008659143,-3.8704503,439.136,6959.9697,261.09195,0.13148855,0.008531911
106180_1_23ch1,220723,106180,106192,55:42.5,55:42.5,151.4957903,130,147.6482306,5400,335.5634919,1.659379751,ch1,0,0,0,2.775495051,11.009672,476.98108,6282.9165,266.16388,0.029490504,0.35676444
106180_2_23ch1,220723,106180,106231,55:42.5,55:42.5,558.0280733,563.5601121,572.7128425,110400,2686.579003,5.202598302,ch1,0,0,0,1.644397576,11.009672,476.98108,6282.9165,266.16388,0.029490504,0.35676444
554450_1_23ch1,220723,554450,554459,00:35.7,00:35.7,121.0038021,102.9563014,116.6190379,3700,247.2792206,1.315114779,ch1,0,0,0,2.997838669,15.499837,486.3046,6135.983,266.41937,0,0.53736883
554450_2_23ch2,220723,554450,554464,00:35.7,00:35.7,226.2550041,225.6102835,235.3720459,23600,899.411255,2.727688475,ch1,0,0,0,1.493871744,15.499837,486.3046,6135.983,266.41937,0,0.53736883
716963_1_23ch1,220723,716963,717023,00:51.0,00:51.0,667.8806646,780.320447,788.9233169,263400,3302.853173,3.295739679,ch1,0,0,0,1.227446005,14.895724,486.03683,6139.6816,267.04593,0.03411621,0.1360884
716963_3_23ch1,220723,716963,716976,00:51.0,00:51.0,160.7410141,152.6433752,161.245155,7800,476.629509,2.317700887,ch1,0,0,0,1.823271623,14.895724,486.03683,6139.6816,267.04593,0.03411621,0.1360884
726339_1_23ch1,220723,726339,726412,00:54.5,00:54.5,695.0924446,818.8406438,827.6472679,310900,3576.28463,3.273659959,ch1,0,62,0,1.089858428,15.22291,485.58163,6145.636,267.40692,0.08263799,0.043076318
726339_3_23ch1,220723,726339,726350,00:54.5,00:54.5,133.488471,111.8033989,126.4911064,3300,254.4974747,1.561863769,ch1,0,0,0,2.491464771,15.22291,485.58163,6145.636,267.40692,0.08263799,0.043076318
1660610_1_23ch1,220723,1660610,1660625,16:45.3,16:45.3,215.8047557,228.2542442,237.0653918,18400,799.411255,2.763839567,ch1,0,0,0,1.357658558,0.15330103,525.6746,5526.069,270.01257,0,0.69304895
1660610_2_23ch1,220723,1660610,1660620,16:45.3,16:45.3,105.9960666,100.4987562,110.4536102,3100,236.9238816,1.44094074,ch1,0,0,0,2.294394257,0.15330103,525.6746,5526.069,270.01257,0,0.69304895
645995_1_25ch1,220725,645995,646055,18:56.4,18:56.4,647.1680558,756.9015788,769.2203845,231900,5308.366158,9.669658376,ch1,0,15,0,1.169631273,-2.1590042,396.1568,7685.4946,256.8944,0.025583152,0.45758408
645995_18_25ch1,220725,645995,646007,18:56.4,18:56.4,133.6492228,123.6931688,136.0147051,8000,431.7766953,1.85446459,ch1,0,7,0,1.354812218,-2.1590042,396.1568,7685.4946,256.8944,0.025583152,0.45758408
696942_1_25ch1,220725,696942,696987,18:59.1,18:59.1,686.1446447,703.8465742,716.9379332,170800,3493.208512,5.685272545,ch1,32,0,0,1.76909349,-3.0445268,396.39777,7678.5537,257.03473,0,0.32373455
696942_5_25ch1,220725,696942,696953,18:59.1,18:59.1,130.2530364,122.0655562,134.1640786,4600,333.137085,1.919898489,ch1,0,0,0,1.863288415,-3.0445268,396.39777,7678.5537,257.03473,0,0.32373455
851407_1_25ch1,220725,851407,851415,20:56.0,20:56.0,122.0377797,113.137085,120.4159458,3500,253.137085,1.456913075,ch1,0,0,0,2.992426979,-1.619679,395.299,7699.112,257.88318,0.047496207,0.09610572
851407_2_25ch1,220725,851407,851430,20:56.0,20:56.0,367.2441555,372.1558813,383.2753579,51200,1326.396103,2.734428989,ch1,0,0,0,1.809010278,-1.619679,395.299,7699.112,257.88318,0.047496207,0.09610572
912544_1_25ch1,220725,912544,912573,21:04.2,21:04.3,522.6848463,518.6520992,534.8831648,67400,1812.375901,3.878169592,ch1,0,0,0,2.809267596,-1.7903138,395.7305,7693.052,257.8914,0.002030138,0.09929566
912544_2_25ch1,220725,912544,912557,21:04.2,21:04.3,143.2321326,131.5294644,141.4213562,6200,349.7056275,1.569653124,ch1,0,0,0,2.092975391,-1.7903138,395.7305,7693.052,257.8914,0.002030138,0.09929566
923919_1_25ch1,220725,923919,923934,21:05.7,21:05.7,344.1473874,327.5667871,337.3425559,38500,1107.695526,2.536122399,ch1,0,0,0,2.121584543,-2.5861084,395.91483,7687.791,257.8827,0.011929843,0.10219832
923919_2_25ch1,220725,923919,923931,21:05.7,21:05.7,120.6425848,123.6931688,139.2838828,6000,318.6396103,1.34659938,ch1,0,0,0,1.525773222,-2.5861084,395.91483,7687.791,257.8827,0.011929843,0.10219832
1020946_1_25ch1,220725,1020946,1020959,21:23.8,21:23.8,179.1733345,177.2004515,186.8154169,12300,692.4873734,3.102478229,ch1,0,0,0,1.678694931,-2.8079553,397.14536,7664.576,258.12845,0,0.051664323
1020946_2_25ch1,220725,1020946,1020963,21:23.8,21:23.8,233.3915218,234.3074903,254.9509757,17400,776.629509,2.758472533,ch1,0,0,0,1.948916953,-2.8079553,397.14536,7664.576,258.12845,0,0.051664323
1214023_1_25ch1,220725,1214023,1214037,25:45.0,25:45.0,162.1150851,141.4213562,151.3274595,3700,300.7106781,1.944850003,ch1,0,0,0,3.287173693,-2.047929,356.52087,8475.005,252.80495,0.006933164,0.24249652
1214023_2_25ch1,220725,1214023,1214037,25:45.0,25:45.0,216.7847037,194.1648784,208.8061302,19400,815.9797975,2.731160475,ch1,0,0,0,1.458112094,-2.047929,356.52087,8475.005,252.80495,0.006933164,0.24249652
1572473_1_25ch1,220725,1572473,1572484,26:00.4,26:00.4,138.3457146,114.0175425,130,4100,284.8528137,1.574879416,ch1,0,0,0,3.172806247,-1.307177,356.803,8468.872,252.45473,0.011876349,0.32511312
1572473_3_25ch1,220725,1572473,1572487,26:00.4,26:00.4,243.2070616,233.2380758,241.8677324,23700,1041.837662,3.644533073,ch1,0,0,0,1.466190589,-1.307177,356.803,8468.872,252.45473,0.011876349,0.32511312
1809429_1_25ch1,220725,1809429,1809445,29:56.0,29:56.0,253.7519261,243.5159132,256.3201124,27100,1060.121933,3.300140917,ch1,0,0,0,1.32674193,-0.7303518,364.89194,8300.862,253.97392,0,0.22080714
1809429_2_25ch2,220725,1809429,1809440,29:56.0,29:56.0,138.8494046,117.0469991,130,4100,272.7817459,1.444231751,ch1,0,0,0,2.946631508,-0.7303518,364.89194,8300.862,253.97392,0,0.22080714
1918023_1_25ch1,220725,1918023,1918036,30:02.1,30:02.1,218.4281876,211.896201,224.7220505,23200,611.7766953,1.283772326,ch1,0,0,0,1.573956279,-1.1928675,364.22473,8315.414,253.81519,0.015575558,0.43575484
1918023_2_25ch1,220725,1918023,1918033,30:02.1,30:02.1,120.20417,101.9803903,117.0469991,3700,278.2842712,1.665580904,ch1,0,0,0,2.377568833,-1.1928675,364.22473,8315.414,253.81519,0.015575558,0.43575484
2080211_1_25ch1,220725,2080211,2080235,33:55.7,33:55.7,325.8121357,347.8505426,357.3513677,42600,1209.472222,2.732576526,ch1,0,0,0,1.653742964,-0.8685919,372.87808,8142.267,255.38318,0.003141869,0.20949301
2080211_3_25ch1,220725,2080211,2080230,33:55.7,33:55.7,164.4507052,190,200.2498439,12700,630.4163056,2.49024049,ch1,0,20,0,1.124125779,-0.8685919,372.87808,8142.267,255.38318,0.003141869,0.20949301
2152632_1_25ch1,220725,2152632,2152646,33:59.0,33:59.1,205.1039416,213.7755833,225.6102835,14800,790.7716447,3.362254602,ch1,0,0,0,1.442524298,-1.3789161,372.93057,8140.564,255.0188,0.014281098,0.36319023
2152632_2_25ch1,220725,2152632,2152641,33:59.0,33:59.1,130.7816714,108.1665383,116.6190379,2000,170,1.149894464,ch1,0,0,0,2.798370494,-1.3789161,372.93057,8140.564,255.0188,0.014281098,0.36319023
2283556_1_25ch1,220725,2283556,2283577,34:04.8,34:04.8,331.8755569,355.1056181,364.9657518,50800,1053.259018,1.737788009,ch1,0,0,0,1.631382725,-0.2214155,372.95633,8138.1333,254.82295,0,0.24348184
2283556_2_25ch1,220725,2283556,2283560,34:04.8,34:04.8,128.0563132,114.0175425,126.4911064,3800,282.7817459,1.674593042,ch1,0,0,0,2.943245207,-0.2214155,372.95633,8138.1333,254.82295,0,0.24348184
2363730_2_25ch1,220725,2363730,2363774,34:08.7,34:08.7,886.7896568,804.9844719,815.4140053,184900,3502.5588,5.279880516,ch1,0,29,0,2.360036151,-0.7480337,372.84616,8140.7354,254.52007,0.00624844,0.30473408
2363730_3_25ch1,220725,2363730,2363738,34:08.7,34:08.7,137.1337528,108.1665383,128.0624847,3600,276.9238816,1.695151257,ch1,0,0,0,2.604008021,-0.7480337,372.84616,8140.7354,254.52007,0.00624844,0.30473408
2377758_1_25ch1,220725,2377758,2377782,34:09.4,34:09.4,300.4456597,320.1562119,330.1514804,35500,1153.614357,2.983204927,ch1,0,0,0,1.616179958,-0.7480337,372.84616,8140.7354,254.52007,0,0.16502517
2377758_7_25ch1,220725,2377758,2377765,34:09.4,34:09.4,107.5494659,107.7032961,117.0469991,5100,294.8528137,1.356533468,ch1,0,8,0,1.489916438,-0.7480337,372.84616,8140.7354,254.52007,0,0.16502517
2403383_2_25ch1,220725,2403383,2403418,34:12.1,34:12.1,512.7920104,497.3932046,506.0632372,57500,2041.015511,5.765206952,ch1,0,0,0,2.885662271,-0.6219874,372.46103,8148.3867,254.98634,0,0.12222131
2403383_4_25ch1,220725,2403383,2403392,34:12.1,34:12.1,205.6503473,183.5755975,192.3538406,4400,357.2792206,2.308622777,ch1,0,0,0,4.424043904,-0.6219874,372.46103,8148.3867,254.98634,0,0.12222131
2426922_1_25ch1,220725,2426922,2426938,34:14.4,34:14.4,199.0378042,206.1552813,215.8703314,22600,692.4873734,1.688516912,ch1,0,0,0,1.300097216,-1.0287207,372.21805,8153.271,254.94751,0,0.1529432
2426922_4_25ch1,220725,2426922,2426932,34:14.4,34:14.4,111.5742071,104.4030651,120.8304597,6300,304.4974747,1.171162012,ch1,0,5,0,1.402509447,-1.0287207,372.21805,8153.271,254.94751,0,0.1529432
2484896_1_25ch1,220725,2484896,2484919,37:49.1,37:49.1,331.4174652,317.8049716,331.2099032,43200,1486.101731,4.068210993,ch1,0,0,0,1.575712415,-0.3829311,380.9097,7979.306,256.33566,0.006336647,0.2847469
2484896_2_25ch1,220725,2484896,2484914,37:49.1,37:49.1,217.9058124,184.3908891,196.468827,5000,359.3502884,2.055209635,ch1,0,0,0,3.949269321,-0.3829311,380.9097,7979.306,256.33566,0.006336647,0.2847469
2515424_1_25ch1,220725,2515424,2515438,37:50.5,37:50.5,185.8277103,183.8477631,193.1320792,17000,617.9898987,1.787738395,ch1,0,0,0,1.384978147,0.025924658,381.10223,7976.617,256.02206,0.009365222,0.44947463
2515424_2_25ch1,220725,2515424,2515429,37:50.5,37:50.5,147.7235591,126.4911064,139.2838828,4100,302.4264069,1.775193498,ch1,0,0,0,3.140235881,0.025924658,381.10223,7976.617,256.02206,0.009365222,0.44947463
2596767_1_25ch1,220725,2596767,2596782,37:55.0,37:55.0,236.4403588,223.6067977,233.4523506,25900,845.2691193,2.195231762,ch1,0,0,0,1.42598731,-0.124093115,381.25772,7973.0493,255.89757,0.001835624,0.33349973
2596767_2_25ch1,220725,2596767,2596778,37:55.0,37:55.0,141.4282615,117.0469991,134.1640786,4300,298.9949494,1.654433765,ch1,0,0,0,2.893292629,-0.124093115,381.25772,7973.0493,255.89757,0.001835624,0.33349973
2627846_1_25ch1,220725,2627846,2627875,37:56.9,37:56.9,476.7391467,483.8388161,494.7726751,90500,2363.441918,4.911695382,ch1,0,0,0,1.672215959,-0.8418417,381.1671,7973.482,255.96278,0.002533966,0.23692364
2627846_5_25ch1,220725,2627846,2627857,37:56.9,37:56.9,176.9342628,142.126704,162.788206,4700,353.137085,2.111440918,ch1,0,0,0,2.966784361,-0.8418417,381.1671,7973.482,255.96278,0.002533966,0.23692364
42613_2_26ch1,220726,42613,42644,29:30.6,29:30.6,525.8004944,560.8921465,570.7013229,108600,1888.528137,2.613408085,ch1,0,0,0,1.798049786,0.26535168,356.63312,8441.544,251.88924,0.000174394,0.009265446
42613_4_26ch1,220726,42613,42627,29:30.6,29:30.6,161.8205099,147.6482306,158.113883,6800,421.4213562,2.078329031,ch1,0,0,0,2.282821997,0.26535168,356.63312,8441.544,251.88924,0.000174394,0.009265446
614484_1_30ch1,220730,614484,614496,15:24.9,15:24.9,128.5766619,123.6931688,133.4166406,3400,282.4264069,1.866903288,ch1,0,0,0,2.607577176,-0.71255416,462.4877,6512.4204,262.03818,0.1571207,0.80318916
614484_2_30ch1,220730,614484,614501,15:24.9,15:24.9,231.5827267,234.3074903,244.1311123,26600,885.2691193,2.344548006,ch1,0,0,0,1.338058214,-0.71255416,462.4877,6512.4204,262.03818,0.1571207,0.80318916
824385_1_30ch1,220730,824385,824400,15:32.0,15:32.0,259.8674187,263.0589288,276.5863337,29200,1163.259018,3.687738698,ch1,0,0,0,1.429524773,-3.3203247,463.06442,6502.889,262.33102,0.062597014,0.23189619
824385_2_30ch1,220730,824385,824396,15:32.0,15:32.0,130.600429,111.8033989,126.4911064,3900,286.5685425,1.675647098,ch1,0,0,0,2.92305132,-3.3203247,463.06442,6502.889,262.33102,0.062597014,0.23189619
166205_3_01ch1,220801,166205,166245,13:13.9,13:13.9,523.3145812,565.6854249,575.5866572,145300,2099.594155,2.414322222,ch1,0,0,0,1.426821204,0.9782866,463.24878,6523.331,264.75772,0.012616246,0.07197898
166205_4_01ch1,220801,166205,166217,13:13.9,13:13.9,166.8358894,148.6606875,156.2049935,7100,367.9898987,1.517761675,ch1,0,0,0,2.772229816,0.9782866,463.24878,6523.331,264.75772,0.012616246,0.07197898
203564_1_06ch1,220806,203564,203582,06:07.1,06:07.1,205.7667255,186.8154169,206.1552813,10300,491.4213562,1.865782278,ch1,0,0,0,2.878438575,1.3191763,503.71393,5852.1865,266.8828,0.13068831,0.3572657
203564_2_06ch1,220806,203564,203579,06:07.1,06:07.1,172.6851453,165.5294536,174.642492,10100,446.27417,1.569178193,ch1,0,0,0,2.187109308,1.3191763,503.71393,5852.1865,266.8828,0.13068831,0.3572657
576660_1_06ch1,220806,576660,576684,12:52.7,12:52.9,510.987133,500,515.4609588,48100,1951.665222,6.301670718,ch1,0,0,0,3.228354968,7.6735744,500.89304,5893.123,267.56223,1.3213431,0
576660_3_06ch1,220806,576660,576671,12:52.7,12:52.9,119.8211922,111.8033989,123.6931688,5400,359.3502884,1.902971884,ch1,0,0,0,1.451748478,7.6735744,500.89304,5893.123,267.56223,1.3213431,0
18539_1_07ch1_!,220807,18539,18578,07:21.7,07:22.0,473.7671738,483.3218389,493.9635614,137000,1509.533188,1.323594337,ch1,0,0,0,1.260946046,3.3315654,528.5625,5461.9043,269.12518,0.63799703,0.001509787
47102_1_07ch1_!,220807,47102,47126,37:00.4,37:03.9,273.4035213,282.8427125,290.6888371,41600,1042.193001,2.077749133,ch1,18,0,0,1.283138641,0.5615481,446.0853,6787.3706,261.83868,0.001382021,1.85E-05
291817_1_07ch1,220807,291817,291856,34:37.2,34:37.2,428.6937112,452.7692569,460.1086828,55000,1472.314934,3.136381482,ch1,0,0,0,2.222420804,-4.712656,416.8149,7306.7656,258.59982,0.34360957,0.13419744
291817_8_07ch1,220807,291817,291827,34:37.2,34:37.2,102.1892779,104.4030651,117.0469991,4800,305.2081528,1.544333739,ch1,0,0,0,1.412066754,-4.712656,416.8149,7306.7656,258.59982,0.34360957,0.13419744
315316_6_07ch1,220807,315316,315328,34:41.3,34:41.3,138.6316506,123.6931688,136.0147051,4000,278.6396103,1.544599368,ch1,0,0,0,3.264619447,-1.8124915,416.33398,7310,258.0793,0.01927429,0
315316_7_07ch1,220807,315316,315356,34:41.3,34:41.3,417.3691897,512.249939,520.096145,88900,1978.883476,3.505329271,ch1,0,33,0,1.315119946,-1.8124915,416.33398,7310,258.0793,0.01927429,0
18539_1_07ch1_!,220807,18539,18595,18:02.1,18:02.1,579.097229,676.2396025,688.1860214,146400,2188.233765,2.602774177,ch1,6,0,0,1.589710495,0.09043097,431.38864,7046.815,260.83,6.26E-05,0
34578_1_07ch1_!,220807,34578,34691,20:07.1,20:40.1,977.017933,1136.353818,1146.29839,223500,3395.746391,4.10566116,ch1,0,83,0,3.120221568,-3.798381,417.02188,7294.148,259.7383,0.000284038,1.17E-05
34578_3_07ch1,220807,34578,34603,20:07.1,20:40.1,258.0891205,259.6150997,269.2582404,8200,519.3502884,2.617562366,ch1,0,17,0,4.987685423,-3.798381,417.02188,7294.148,259.7383,0.000284038,1.17E-05
47102_1_07ch1_!,220807,47102,47131,26:38.9,26:39.5,289.0309632,318.9043744,328.0243893,50300,1128.761543,2.015703084,ch1,0,0,0,1.172357658,-4.3488903,410.21915,7428.8936,257.82507,0.20432952,0.008787276